activation_policy_installed,batch_size,case,cce_installed,chips,dataset_mode,default_ce,failure_type,final_loss,first_step_time_sec,lora_rank,loss_tokens_per_sec_excl_first,max_length,max_steps,mean_loss,mean_step_time_sec_excl_first,mesh_fsdp,mesh_tp,model,model_id,oom_exceeded_gib,oom_limit_gib,oom_used_gib,run_dir,runtime_hbm_headroom_gb,runtime_hbm_limit_gb,runtime_peak_hbm_gb,second_step_time_sec,splash_attention_installed,status,steps_recorded,suite,tiled_mlp_installed,token_chunk,tpu,valid_tokens_per_sec_excl_first,variant,vocab_chunk,wall_time_sec,xla_report,xla_train_step_gib_per_chip,source_csv,repeat,mesh,shape,ok
False,16,mesh_fsdp2_tp2_repeat1_cce_r16_b16_l512_tc128_vc8192,True,4,synthetic,False,,0.1457148492336273,33.270950916000004,16,54.37786860238924,512,8,1.3685756623744965,15.373901579571436,2,2,Gemma3 270M,google/gemma-3-270m-it,,,,/tmp/gemma3-270m-cce-mesh-repeat/mesh_fsdp2_tp2_repeat1/mesh_fsdp2_tp2_repeat1_cce_r16_b16_l512_tc128_vc8192,65.349801984,67.637338112,2.287536128,15.455753170000037,False,ok,8.0,mesh_fsdp2_tp2_repeat1,False,128,v5litepod-4,116.04081051036174,cce,8192,172.26169875300002,/tmp/gemma3-270m-cce-mesh-repeat/mesh_fsdp2_tp2_repeat1/mesh_fsdp2_tp2_repeat1_cce_r16_b16_l512_tc128_vc8192/xla/module_0677.jit__train_step.cl_914450892.after_optimizations-memory-usage-report.txt,2.65,data/gemma3_270m_mesh_cce_repeat/raw/gemma3-270m-cce-mesh-repeat-mesh-2x2-repeat/gemma3-270m-cce-mesh-repeat/mesh_fsdp2_tp2_repeat1/mesh_fsdp2_tp2_repeat1_results.csv,1,fsdp2/tp2,b16/L512,True
False,16,mesh_fsdp1_tp4_repeat1_cce_r16_b16_l512_tc128_vc8192,True,4,synthetic,False,,0.1794902384281158,38.62736615699987,16,112.8284020164346,512,8,1.416229471564293,7.409481877428594,1,4,Gemma3 270M,google/gemma-3-270m-it,,,,/tmp/gemma3-270m-cce-mesh-repeat/mesh_fsdp1_tp4_repeat1/mesh_fsdp1_tp4_repeat1_cce_r16_b16_l512_tc128_vc8192,64.066400256,67.637338112,3.570937856,40.10011750199965,False,ok,8.0,mesh_fsdp1_tp4_repeat1,False,128,v5litepod-4,240.7725708101906,cce,8192,106.39552494400004,/tmp/gemma3-270m-cce-mesh-repeat/mesh_fsdp1_tp4_repeat1/mesh_fsdp1_tp4_repeat1_cce_r16_b16_l512_tc128_vc8192/xla/module_0949.jit__train_step.cl_914450892.after_optimizations-memory-usage-report.txt,1.64,data/gemma3_270m_mesh_cce_repeat/raw/gemma3-270m-cce-mesh-repeat-mesh-repeat-rest/gemma3-270m-cce-mesh-repeat/mesh_fsdp1_tp4_repeat1/mesh_fsdp1_tp4_repeat1_results.csv,1,fsdp1/tp4,b16/L512,True
False,16,mesh_fsdp4_tp1_repeat1_cce_r16_b16_l512_tc128_vc8192,True,4,synthetic,False,,0.1517409980297088,29.54800628000004,16,2152.024170344118,512,8,1.412956416606903,0.3884714732856927,4,1,Gemma3 270M,google/gemma-3-270m-it,,,,/tmp/gemma3-270m-cce-mesh-repeat/mesh_fsdp4_tp1_repeat1/mesh_fsdp4_tp1_repeat1_cce_r16_b16_l512_tc128_vc8192,65.461315584,67.637338112,2.176022528,0.451932971999895,False,ok,8.0,mesh_fsdp4_tp1_repeat1,False,128,v5litepod-4,4592.357798916156,cce,8192,46.042571801000065,/tmp/gemma3-270m-cce-mesh-repeat/mesh_fsdp4_tp1_repeat1/mesh_fsdp4_tp1_repeat1_cce_r16_b16_l512_tc128_vc8192/xla/module_0657.jit__train_step.cl_914450892.after_optimizations-memory-usage-report.txt,3.85,data/gemma3_270m_mesh_cce_repeat/raw/gemma3-270m-cce-mesh-repeat-mesh-repeat-rest/gemma3-270m-cce-mesh-repeat/mesh_fsdp4_tp1_repeat1/mesh_fsdp4_tp1_repeat1_results.csv,1,fsdp4/tp1,b16/L512,True
False,16,mesh_fsdp2_tp2_repeat1_default_r16_b16_l512_tc128_vc8192,False,4,synthetic,True,,0.1377374231815338,30.66189944499996,16,5280.042772316511,512,8,1.377358876168728,0.1583320507142827,2,2,Gemma3 270M,google/gemma-3-270m-it,,,,/tmp/gemma3-270m-cce-mesh-repeat/mesh_fsdp2_tp2_repeat1/mesh_fsdp2_tp2_repeat1_default_r16_b16_l512_tc128_vc8192,65.333088256,67.637338112,2.304249856,0.2400764289999983,False,ok,8.0,mesh_fsdp2_tp2_repeat1,False,128,v5litepod-4,11267.459695948151,default,8192,51.04812536700001,/tmp/gemma3-270m-cce-mesh-repeat/mesh_fsdp2_tp2_repeat1/mesh_fsdp2_tp2_repeat1_default_r16_b16_l512_tc128_vc8192/xla/module_0677.jit__train_step.cl_914450892.after_optimizations-memory-usage-report.txt,6.23,data/gemma3_270m_mesh_cce_repeat/raw/gemma3-270m-cce-mesh-repeat-mesh-2x2-repeat/gemma3-270m-cce-mesh-repeat/mesh_fsdp2_tp2_repeat1/mesh_fsdp2_tp2_repeat1_results.csv,1,fsdp2/tp2,b16/L512,True
False,16,mesh_fsdp1_tp4_repeat1_default_r16_b16_l512_tc128_vc8192,False,4,synthetic,True,,0.1815571337938308,37.56194107800002,16,154.91886228175997,512,8,1.4262636918574572,5.3963732220000304,1,4,Gemma3 270M,google/gemma-3-270m-it,,,,/tmp/gemma3-270m-cce-mesh-repeat/mesh_fsdp1_tp4_repeat1/mesh_fsdp1_tp4_repeat1_default_r16_b16_l512_tc128_vc8192,64.08333312,67.637338112,3.554004992,37.463432095999906,False,ok,8.0,mesh_fsdp1_tp4_repeat1,False,128,v5litepod-4,330.5924046778227,default,8192,89.64225120799983,/tmp/gemma3-270m-cce-mesh-repeat/mesh_fsdp1_tp4_repeat1/mesh_fsdp1_tp4_repeat1_default_r16_b16_l512_tc128_vc8192/xla/module_0920.jit__train_step.cl_914450892.after_optimizations-memory-usage-report.txt,3.47,data/gemma3_270m_mesh_cce_repeat/raw/gemma3-270m-cce-mesh-repeat-mesh-repeat-rest/gemma3-270m-cce-mesh-repeat/mesh_fsdp1_tp4_repeat1/mesh_fsdp1_tp4_repeat1_results.csv,1,fsdp1/tp4,b16/L512,True
False,16,mesh_fsdp4_tp1_repeat1_default_r16_b16_l512_tc128_vc8192,False,4,synthetic,True,,0.1762449890375137,29.411200898000004,16,3936.069003212229,512,8,1.4232302773743868,0.2123946504285722,4,1,Gemma3 270M,google/gemma-3-270m-it,,,,/tmp/gemma3-270m-cce-mesh-repeat/mesh_fsdp4_tp1_repeat1/mesh_fsdp4_tp1_repeat1_default_r16_b16_l512_tc128_vc8192,65.435868672,67.637338112,2.20146944,0.2782230770000069,False,ok,8.0,mesh_fsdp4_tp1_repeat1,False,128,v5litepod-4,8399.458255658632,default,8192,47.71718551000003,/tmp/gemma3-270m-cce-mesh-repeat/mesh_fsdp4_tp1_repeat1/mesh_fsdp4_tp1_repeat1_default_r16_b16_l512_tc128_vc8192/xla/module_0657.jit__train_step.cl_914450892.after_optimizations-memory-usage-report.txt,11.29,data/gemma3_270m_mesh_cce_repeat/raw/gemma3-270m-cce-mesh-repeat-mesh-repeat-rest/gemma3-270m-cce-mesh-repeat/mesh_fsdp4_tp1_repeat1/mesh_fsdp4_tp1_repeat1_results.csv,1,fsdp4/tp1,b16/L512,True
False,16,mesh_fsdp2_tp2_repeat1_cce_r16_b16_l1024_tc128_vc8192,True,4,synthetic,False,,0.1522213220596313,33.05627379600003,16,27.18580254088237,1024,8,1.3754942417144775,30.751345256142876,2,2,Gemma3 270M,google/gemma-3-270m-it,,,,/tmp/gemma3-270m-cce-mesh-repeat/mesh_fsdp2_tp2_repeat1/mesh_fsdp2_tp2_repeat1_cce_r16_b16_l1024_tc128_vc8192,65.144270848,67.637338112,2.493067264,30.832717893999984,False,ok,8.0,mesh_fsdp2_tp2_repeat1,False,128,v5litepod-4,58.01372216858152,cce,8192,292.475885371,/tmp/gemma3-270m-cce-mesh-repeat/mesh_fsdp2_tp2_repeat1/mesh_fsdp2_tp2_repeat1_cce_r16_b16_l1024_tc128_vc8192/xla/module_0677.jit__train_step.cl_914450892.after_optimizations-memory-usage-report.txt,5.13,data/gemma3_270m_mesh_cce_repeat/raw/gemma3-270m-cce-mesh-repeat-mesh-2x2-repeat/gemma3-270m-cce-mesh-repeat/mesh_fsdp2_tp2_repeat1/mesh_fsdp2_tp2_repeat1_results.csv,1,fsdp2/tp2,b16/L1024,True
False,16,mesh_fsdp1_tp4_repeat1_cce_r16_b16_l1024_tc128_vc8192,True,4,synthetic,False,,0.0880722776055336,43.131383453000126,16,83.41638534810852,1024,8,1.3643247792497275,10.022011820714267,1,4,Gemma3 270M,google/gemma-3-270m-it,,,,/tmp/gemma3-270m-cce-mesh-repeat/mesh_fsdp1_tp4_repeat1/mesh_fsdp1_tp4_repeat1_cce_r16_b16_l1024_tc128_vc8192,63.613949952,67.637338112,4.02338816,46.664441633000024,False,ok,8.0,mesh_fsdp1_tp4_repeat1,False,128,v5litepod-4,178.0081716040976,cce,8192,131.77640822700005,/tmp/gemma3-270m-cce-mesh-repeat/mesh_fsdp1_tp4_repeat1/mesh_fsdp1_tp4_repeat1_cce_r16_b16_l1024_tc128_vc8192/xla/module_0972.jit__train_step.cl_914450892.after_optimizations-memory-usage-report.txt,3.06,data/gemma3_270m_mesh_cce_repeat/raw/gemma3-270m-cce-mesh-repeat-mesh-repeat-rest/gemma3-270m-cce-mesh-repeat/mesh_fsdp1_tp4_repeat1/mesh_fsdp1_tp4_repeat1_results.csv,1,fsdp1/tp4,b16/L1024,True
False,16,mesh_fsdp4_tp1_repeat1_cce_r16_b16_l1024_tc128_vc8192,True,4,synthetic,False,,0.1868241131305694,28.971594980000077,16,1034.6918270582212,1024,8,1.4079172313213348,0.8079700430000197,4,1,Gemma3 270M,google/gemma-3-270m-it,,,,/tmp/gemma3-270m-cce-mesh-repeat/mesh_fsdp4_tp1_repeat1/mesh_fsdp4_tp1_repeat1_cce_r16_b16_l1024_tc128_vc8192,65.291022336,67.637338112,2.346315776,0.8710605349999696,False,ok,8.0,mesh_fsdp4_tp1_repeat1,False,128,v5litepod-4,2208.0026548706537,cce,8192,49.115043001,/tmp/gemma3-270m-cce-mesh-repeat/mesh_fsdp4_tp1_repeat1/mesh_fsdp4_tp1_repeat1_cce_r16_b16_l1024_tc128_vc8192/xla/module_0657.jit__train_step.cl_914450892.after_optimizations-memory-usage-report.txt,7.49,data/gemma3_270m_mesh_cce_repeat/raw/gemma3-270m-cce-mesh-repeat-mesh-repeat-rest/gemma3-270m-cce-mesh-repeat/mesh_fsdp4_tp1_repeat1/mesh_fsdp4_tp1_repeat1_results.csv,1,fsdp4/tp1,b16/L1024,True
False,16,mesh_fsdp2_tp2_repeat1_default_r16_b16_l1024_tc128_vc8192,False,4,synthetic,True,,0.1381745338439941,31.962758890000032,16,2620.283713027886,1024,8,1.3702636696398258,0.319049420428582,2,2,Gemma3 270M,google/gemma-3-270m-it,,,,/tmp/gemma3-270m-cce-mesh-repeat/mesh_fsdp2_tp2_repeat1/mesh_fsdp2_tp2_repeat1_default_r16_b16_l1024_tc128_vc8192,65.142503424,67.637338112,2.494834688,0.4009783950000383,False,ok,8.0,mesh_fsdp2_tp2_repeat1,False,128,v5litepod-4,5591.610220145632,default,8192,48.637552310000046,/tmp/gemma3-270m-cce-mesh-repeat/mesh_fsdp2_tp2_repeat1/mesh_fsdp2_tp2_repeat1_default_r16_b16_l1024_tc128_vc8192/xla/module_0677.jit__train_step.cl_914450892.after_optimizations-memory-usage-report.txt,12.66,data/gemma3_270m_mesh_cce_repeat/raw/gemma3-270m-cce-mesh-repeat-mesh-2x2-repeat/gemma3-270m-cce-mesh-repeat/mesh_fsdp2_tp2_repeat1/mesh_fsdp2_tp2_repeat1_results.csv,1,fsdp2/tp2,b16/L1024,True
False,16,mesh_fsdp1_tp4_repeat1_default_r16_b16_l1024_tc128_vc8192,False,4,synthetic,True,,0.1976891309022903,42.15088598000011,16,136.37895532597773,1024,8,1.444547263905406,6.129978030714223,1,4,Gemma3 270M,google/gemma-3-270m-it,,,,/tmp/gemma3-270m-cce-mesh-repeat/mesh_fsdp1_tp4_repeat1/mesh_fsdp1_tp4_repeat1_default_r16_b16_l1024_tc128_vc8192,63.617581568,67.637338112,4.019756544,42.2841850650002,False,ok,8.0,mesh_fsdp1_tp4_repeat1,False,128,v5litepod-4,291.02877548031614,default,8192,99.43709030799982,/tmp/gemma3-270m-cce-mesh-repeat/mesh_fsdp1_tp4_repeat1/mesh_fsdp1_tp4_repeat1_default_r16_b16_l1024_tc128_vc8192/xla/module_0934.jit__train_step.cl_914450892.after_optimizations-memory-usage-report.txt,6.86,data/gemma3_270m_mesh_cce_repeat/raw/gemma3-270m-cce-mesh-repeat-mesh-repeat-rest/gemma3-270m-cce-mesh-repeat/mesh_fsdp1_tp4_repeat1/mesh_fsdp1_tp4_repeat1_results.csv,1,fsdp1/tp4,b16/L1024,True
,16,mesh_fsdp4_tp1_repeat1_default_r16_b16_l1024_tc128_vc8192,,4,synthetic,,compile_oom,,,16,,1024,8,,,4,1,Gemma3 270M,google/gemma-3-270m-it,5.04,15.75,20.79,/tmp/gemma3-270m-cce-mesh-repeat/mesh_fsdp4_tp1_repeat1/mesh_fsdp4_tp1_repeat1_default_r16_b16_l1024_tc128_vc8192,,,,,,failed,,mesh_fsdp4_tp1_repeat1,,128,v5litepod-4,,default,8192,,/tmp/gemma3-270m-cce-mesh-repeat/mesh_fsdp4_tp1_repeat1/mesh_fsdp4_tp1_repeat1_default_r16_b16_l1024_tc128_vc8192/xla/module_0657.jit__train_step.cl_914450892.after_optimizations-memory-usage-report.txt,21.06,data/gemma3_270m_mesh_cce_repeat/raw/gemma3-270m-cce-mesh-repeat-mesh-repeat-rest/gemma3-270m-cce-mesh-repeat/mesh_fsdp4_tp1_repeat1/mesh_fsdp4_tp1_repeat1_results.csv,1,fsdp4/tp1,b16/L1024,False
False,32,mesh_fsdp2_tp2_repeat1_cce_r16_b32_l512_tc128_vc8192,True,4,synthetic,False,,0.1739412397146225,33.902336201000026,16,54.858465656348265,512,8,1.3996077869087458,30.73884211142854,2,2,Gemma3 270M,google/gemma-3-270m-it,,,,/tmp/gemma3-270m-cce-mesh-repeat/mesh_fsdp2_tp2_repeat1/mesh_fsdp2_tp2_repeat1_cce_r16_b32_l512_tc128_vc8192,65.063657472,67.637338112,2.57368064,30.820494128000064,False,ok,8.0,mesh_fsdp2_tp2_repeat1,False,128,v5litepod-4,117.00412837717926,cce,8192,293.53806377700016,/tmp/gemma3-270m-cce-mesh-repeat/mesh_fsdp2_tp2_repeat1/mesh_fsdp2_tp2_repeat1_cce_r16_b32_l512_tc128_vc8192/xla/module_0677.jit__train_step.cl_914450892.after_optimizations-memory-usage-report.txt,4.56,data/gemma3_270m_mesh_cce_repeat/raw/gemma3-270m-cce-mesh-repeat-mesh-2x2-repeat/gemma3-270m-cce-mesh-repeat/mesh_fsdp2_tp2_repeat1/mesh_fsdp2_tp2_repeat1_results.csv,1,fsdp2/tp2,b32/L512,True
False,32,mesh_fsdp1_tp4_repeat1_cce_r16_b32_l512_tc128_vc8192,True,4,synthetic,False,,0.1531142145395279,43.046583890999955,16,168.910243810537,512,8,1.3790574576705694,9.9833241385714,1,4,Gemma3 270M,google/gemma-3-270m-it,,,,/tmp/gemma3-270m-cce-mesh-repeat/mesh_fsdp1_tp4_repeat1/mesh_fsdp1_tp4_repeat1_cce_r16_b32_l512_tc128_vc8192,63.609135104,67.637338112,4.028203008,46.37553498199986,False,ok,8.0,mesh_fsdp1_tp4_repeat1,False,128,v5litepod-4,360.2579039456184,cce,8192,131.04933564400017,/tmp/gemma3-270m-cce-mesh-repeat/mesh_fsdp1_tp4_repeat1/mesh_fsdp1_tp4_repeat1_cce_r16_b32_l512_tc128_vc8192/xla/module_0965.jit__train_step.cl_914450892.after_optimizations-memory-usage-report.txt,2.77,data/gemma3_270m_mesh_cce_repeat/raw/gemma3-270m-cce-mesh-repeat-mesh-repeat-rest/gemma3-270m-cce-mesh-repeat/mesh_fsdp1_tp4_repeat1/mesh_fsdp1_tp4_repeat1_results.csv,1,fsdp1/tp4,b32/L512,True
False,32,mesh_fsdp4_tp1_repeat1_cce_r16_b32_l512_tc128_vc8192,True,4,synthetic,False,,0.1035282909870147,29.148825960999943,16,2144.293452780375,512,8,1.373964373022318,0.7864062225714535,4,1,Gemma3 270M,google/gemma-3-270m-it,,,,/tmp/gemma3-270m-cce-mesh-repeat/mesh_fsdp4_tp1_repeat1/mesh_fsdp4_tp1_repeat1_cce_r16_b32_l512_tc128_vc8192,65.211099136,67.637338112,2.426238976,0.8495740150000302,False,ok,8.0,mesh_fsdp4_tp1_repeat1,False,128,v5litepod-4,4573.426971128322,cce,8192,48.51246640299996,/tmp/gemma3-270m-cce-mesh-repeat/mesh_fsdp4_tp1_repeat1/mesh_fsdp4_tp1_repeat1_cce_r16_b32_l512_tc128_vc8192/xla/module_0657.jit__train_step.cl_914450892.after_optimizations-memory-usage-report.txt,6.29,data/gemma3_270m_mesh_cce_repeat/raw/gemma3-270m-cce-mesh-repeat-mesh-repeat-rest/gemma3-270m-cce-mesh-repeat/mesh_fsdp4_tp1_repeat1/mesh_fsdp4_tp1_repeat1_results.csv,1,fsdp4/tp1,b32/L512,True
False,32,mesh_fsdp2_tp2_repeat1_default_r16_b32_l512_tc128_vc8192,False,4,synthetic,True,,0.2292726188898086,32.65323141400006,16,5452.184292256064,512,8,1.434822989627719,0.3092862647142738,2,2,Gemma3 270M,google/gemma-3-270m-it,,,,/tmp/gemma3-270m-cce-mesh-repeat/mesh_fsdp2_tp2_repeat1/mesh_fsdp2_tp2_repeat1_default_r16_b32_l512_tc128_vc8192,65.03971584,67.637338112,2.597622272,0.3922460229999842,False,ok,8.0,mesh_fsdp2_tp2_repeat1,False,128,v5litepod-4,11628.61671821744,default,8192,50.175412747,/tmp/gemma3-270m-cce-mesh-repeat/mesh_fsdp2_tp2_repeat1/mesh_fsdp2_tp2_repeat1_default_r16_b32_l512_tc128_vc8192/xla/module_0677.jit__train_step.cl_914450892.after_optimizations-memory-usage-report.txt,12.11,data/gemma3_270m_mesh_cce_repeat/raw/gemma3-270m-cce-mesh-repeat-mesh-2x2-repeat/gemma3-270m-cce-mesh-repeat/mesh_fsdp2_tp2_repeat1/mesh_fsdp2_tp2_repeat1_results.csv,1,fsdp2/tp2,b32/L512,True
False,32,mesh_fsdp1_tp4_repeat1_default_r16_b32_l512_tc128_vc8192,False,4,synthetic,True,,0.1719086915254593,42.25247170199964,16,277.2576923408171,512,8,1.4084457512944937,6.082015975999899,1,4,Gemma3 270M,google/gemma-3-270m-it,,,,/tmp/gemma3-270m-cce-mesh-repeat/mesh_fsdp1_tp4_repeat1/mesh_fsdp1_tp4_repeat1_default_r16_b32_l512_tc128_vc8192,63.608003072,67.637338112,4.02933504,41.97567962699986,False,ok,8.0,mesh_fsdp1_tp4_repeat1,False,128,v5litepod-4,591.3452780728915,default,8192,98.92824034800014,/tmp/gemma3-270m-cce-mesh-repeat/mesh_fsdp1_tp4_repeat1/mesh_fsdp1_tp4_repeat1_default_r16_b32_l512_tc128_vc8192/xla/module_0927.jit__train_step.cl_914450892.after_optimizations-memory-usage-report.txt,6.59,data/gemma3_270m_mesh_cce_repeat/raw/gemma3-270m-cce-mesh-repeat-mesh-repeat-rest/gemma3-270m-cce-mesh-repeat/mesh_fsdp1_tp4_repeat1/mesh_fsdp1_tp4_repeat1_results.csv,1,fsdp1/tp4,b32/L512,True
,32,mesh_fsdp4_tp1_repeat1_default_r16_b32_l512_tc128_vc8192,,4,synthetic,,compile_oom,,,16,,512,8,,,4,1,Gemma3 270M,google/gemma-3-270m-it,5.04,15.75,20.79,/tmp/gemma3-270m-cce-mesh-repeat/mesh_fsdp4_tp1_repeat1/mesh_fsdp4_tp1_repeat1_default_r16_b32_l512_tc128_vc8192,,,,,,failed,,mesh_fsdp4_tp1_repeat1,,128,v5litepod-4,,default,8192,,/tmp/gemma3-270m-cce-mesh-repeat/mesh_fsdp4_tp1_repeat1/mesh_fsdp4_tp1_repeat1_default_r16_b32_l512_tc128_vc8192/xla/module_0657.jit__train_step.cl_914450892.after_optimizations-memory-usage-report.txt,21.06,data/gemma3_270m_mesh_cce_repeat/raw/gemma3-270m-cce-mesh-repeat-mesh-repeat-rest/gemma3-270m-cce-mesh-repeat/mesh_fsdp4_tp1_repeat1/mesh_fsdp4_tp1_repeat1_results.csv,1,fsdp4/tp1,b32/L512,False
False,32,mesh_fsdp2_tp2_repeat1_cce_r16_b32_l1024_tc128_vc8192,True,4,synthetic,False,,0.1890388578176498,35.419536108999864,16,27.41533075932021,1024,8,1.4070894327014685,61.50885900628571,2,2,Gemma3 270M,google/gemma-3-270m-it,,,,/tmp/gemma3-270m-cce-mesh-repeat/mesh_fsdp2_tp2_repeat1/mesh_fsdp2_tp2_repeat1_cce_r16_b32_l1024_tc128_vc8192,65.088024576,67.637338112,2.549313536,61.5908868649999,False,ok,8.0,mesh_fsdp2_tp2_repeat1,False,128,v5litepod-4,58.47241335112212,cce,8192,541.4860680939998,/tmp/gemma3-270m-cce-mesh-repeat/mesh_fsdp2_tp2_repeat1/mesh_fsdp2_tp2_repeat1_cce_r16_b32_l1024_tc128_vc8192/xla/module_0677.jit__train_step.cl_914450892.after_optimizations-memory-usage-report.txt,9.54,data/gemma3_270m_mesh_cce_repeat/raw/gemma3-270m-cce-mesh-repeat-mesh-2x2-repeat/gemma3-270m-cce-mesh-repeat/mesh_fsdp2_tp2_repeat1/mesh_fsdp2_tp2_repeat1_results.csv,1,fsdp2/tp2,b32/L1024,True
False,32,mesh_fsdp1_tp4_repeat1_cce_r16_b32_l1024_tc128_vc8192,True,4,synthetic,False,,0.1719622761011123,46.773828417,16,117.1910390846509,1024,8,1.404346013441682,14.389203538571367,1,4,Gemma3 270M,google/gemma-3-270m-it,,,,/tmp/gemma3-270m-cce-mesh-repeat/mesh_fsdp1_tp4_repeat1/mesh_fsdp1_tp4_repeat1_cce_r16_b32_l1024_tc128_vc8192,63.376564224,67.637338112,4.260773888,53.648003291999885,False,ok,8.0,mesh_fsdp1_tp4_repeat1,False,128,v5litepod-4,249.94930531982132,cce,8192,169.28758728799994,/tmp/gemma3-270m-cce-mesh-repeat/mesh_fsdp1_tp4_repeat1/mesh_fsdp1_tp4_repeat1_cce_r16_b32_l1024_tc128_vc8192/xla/module_1018.jit__train_step.cl_914450892.after_optimizations-memory-usage-report.txt,5.69,data/gemma3_270m_mesh_cce_repeat/raw/gemma3-270m-cce-mesh-repeat-mesh-repeat-rest/gemma3-270m-cce-mesh-repeat/mesh_fsdp1_tp4_repeat1/mesh_fsdp1_tp4_repeat1_results.csv,1,fsdp1/tp4,b32/L1024,True
False,32,mesh_fsdp4_tp1_repeat1_cce_r16_b32_l1024_tc128_vc8192,True,4,synthetic,False,,0.1581652611494064,25.72959829599995,16,1016.8580721742773,1024,8,1.4035393614321947,1.6583294762857577,4,1,Gemma3 270M,google/gemma-3-270m-it,,,,/tmp/gemma3-270m-cce-mesh-repeat/mesh_fsdp4_tp1_repeat1/mesh_fsdp4_tp1_repeat1_cce_r16_b32_l1024_tc128_vc8192,66.275719168,67.637338112,1.361618944,1.7202399320000268,False,ok,8.0,mesh_fsdp4_tp1_repeat1,False,128,v5litepod-4,2168.7918353998307,cce,8192,52.628151886999945,/tmp/gemma3-270m-cce-mesh-repeat/mesh_fsdp4_tp1_repeat1/mesh_fsdp4_tp1_repeat1_cce_r16_b32_l1024_tc128_vc8192/xla/module_0657.jit__train_step.cl_914450892.after_optimizations-memory-usage-report.txt,14.12,data/gemma3_270m_mesh_cce_repeat/raw/gemma3-270m-cce-mesh-repeat-mesh-repeat-rest/gemma3-270m-cce-mesh-repeat/mesh_fsdp4_tp1_repeat1/mesh_fsdp4_tp1_repeat1_results.csv,1,fsdp4/tp1,b32/L1024,True
,32,mesh_fsdp2_tp2_repeat1_default_r16_b32_l1024_tc128_vc8192,,4,synthetic,,compile_oom,,,16,,1024,8,,,2,2,Gemma3 270M,google/gemma-3-270m-it,6.29,15.75,22.04,/tmp/gemma3-270m-cce-mesh-repeat/mesh_fsdp2_tp2_repeat1/mesh_fsdp2_tp2_repeat1_default_r16_b32_l1024_tc128_vc8192,,,,,,failed,,mesh_fsdp2_tp2_repeat1,,128,v5litepod-4,,default,8192,,/tmp/gemma3-270m-cce-mesh-repeat/mesh_fsdp2_tp2_repeat1/mesh_fsdp2_tp2_repeat1_default_r16_b32_l1024_tc128_vc8192/xla/module_0677.jit__train_step.cl_914450892.after_optimizations-memory-usage-report.txt,22.31,data/gemma3_270m_mesh_cce_repeat/raw/gemma3-270m-cce-mesh-repeat-mesh-2x2-repeat/gemma3-270m-cce-mesh-repeat/mesh_fsdp2_tp2_repeat1/mesh_fsdp2_tp2_repeat1_results.csv,1,fsdp2/tp2,b32/L1024,False
False,32,mesh_fsdp1_tp4_repeat1_default_r16_b32_l1024_tc128_vc8192,False,4,synthetic,True,,0.237800732254982,45.625134721999984,16,253.5631586574756,1024,8,1.4093325603753328,6.650357738142962,1,4,Gemma3 270M,google/gemma-3-270m-it,,,,/tmp/gemma3-270m-cce-mesh-repeat/mesh_fsdp1_tp4_repeat1/mesh_fsdp1_tp4_repeat1_default_r16_b32_l1024_tc128_vc8192,63.394418688,67.637338112,4.242919424,45.23698550400013,False,ok,8.0,mesh_fsdp1_tp4_repeat1,False,128,v5litepod-4,540.8087158895802,default,8192,106.14623875300003,/tmp/gemma3-270m-cce-mesh-repeat/mesh_fsdp1_tp4_repeat1/mesh_fsdp1_tp4_repeat1_default_r16_b32_l1024_tc128_vc8192/xla/module_0979.jit__train_step.cl_914450892.after_optimizations-memory-usage-report.txt,13.48,data/gemma3_270m_mesh_cce_repeat/raw/gemma3-270m-cce-mesh-repeat-mesh-repeat-rest/gemma3-270m-cce-mesh-repeat/mesh_fsdp1_tp4_repeat1/mesh_fsdp1_tp4_repeat1_results.csv,1,fsdp1/tp4,b32/L1024,True
,32,mesh_fsdp4_tp1_repeat1_default_r16_b32_l1024_tc128_vc8192,,4,synthetic,,compile_oom,,,16,,1024,8,,,4,1,Gemma3 270M,google/gemma-3-270m-it,25.7,15.75,41.45,/tmp/gemma3-270m-cce-mesh-repeat/mesh_fsdp4_tp1_repeat1/mesh_fsdp4_tp1_repeat1_default_r16_b32_l1024_tc128_vc8192,,,,,,failed,,mesh_fsdp4_tp1_repeat1,,128,v5litepod-4,,default,8192,,/tmp/gemma3-270m-cce-mesh-repeat/mesh_fsdp4_tp1_repeat1/mesh_fsdp4_tp1_repeat1_default_r16_b32_l1024_tc128_vc8192/xla/module_0657.jit__train_step.cl_914450892.after_optimizations-memory-usage-report.txt,41.72,data/gemma3_270m_mesh_cce_repeat/raw/gemma3-270m-cce-mesh-repeat-mesh-repeat-rest/gemma3-270m-cce-mesh-repeat/mesh_fsdp4_tp1_repeat1/mesh_fsdp4_tp1_repeat1_results.csv,1,fsdp4/tp1,b32/L1024,False
False,16,mesh_fsdp2_tp2_repeat2_cce_r16_b16_l512_tc128_vc8192,True,4,synthetic,False,,0.2016699463129043,33.38694724400011,16,54.37877042270377,512,8,1.444776901975274,15.373646618000034,2,2,Gemma3 270M,google/gemma-3-270m-it,,,,/tmp/gemma3-270m-cce-mesh-repeat/mesh_fsdp2_tp2_repeat2/mesh_fsdp2_tp2_repeat2_cce_r16_b16_l512_tc128_vc8192,65.349801984,67.637338112,2.287536128,15.455554126000152,False,ok,8.0,mesh_fsdp2_tp2_repeat2,False,128,v5litepod-4,116.04273496902334,cce,8192,171.2435405000001,/tmp/gemma3-270m-cce-mesh-repeat/mesh_fsdp2_tp2_repeat2/mesh_fsdp2_tp2_repeat2_cce_r16_b16_l512_tc128_vc8192/xla/module_0677.jit__train_step.cl_914450892.after_optimizations-memory-usage-report.txt,2.65,data/gemma3_270m_mesh_cce_repeat/raw/gemma3-270m-cce-mesh-repeat-mesh-2x2-repeat/gemma3-270m-cce-mesh-repeat/mesh_fsdp2_tp2_repeat2/mesh_fsdp2_tp2_repeat2_results.csv,2,fsdp2/tp2,b16/L512,True
False,16,mesh_fsdp1_tp4_repeat2_cce_r16_b16_l512_tc128_vc8192,True,4,synthetic,False,,0.2387790828943252,38.80734626499998,16,113.16636827756793,512,8,1.4643624257296324,7.387353793571492,1,4,Gemma3 270M,google/gemma-3-270m-it,,,,/tmp/gemma3-270m-cce-mesh-repeat/mesh_fsdp1_tp4_repeat2/mesh_fsdp1_tp4_repeat2_cce_r16_b16_l512_tc128_vc8192,64.066400256,67.637338112,3.570937856,39.94595058200002,False,ok,8.0,mesh_fsdp1_tp4_repeat2,False,128,v5litepod-4,241.4937811090684,cce,8192,107.11726469399991,/tmp/gemma3-270m-cce-mesh-repeat/mesh_fsdp1_tp4_repeat2/mesh_fsdp1_tp4_repeat2_cce_r16_b16_l512_tc128_vc8192/xla/module_0949.jit__train_step.cl_914450892.after_optimizations-memory-usage-report.txt,1.64,data/gemma3_270m_mesh_cce_repeat/raw/gemma3-270m-cce-mesh-repeat-mesh-repeat-rest/gemma3-270m-cce-mesh-repeat/mesh_fsdp1_tp4_repeat2/mesh_fsdp1_tp4_repeat2_results.csv,2,fsdp1/tp4,b16/L512,True
False,16,mesh_fsdp4_tp1_repeat2_cce_r16_b16_l512_tc128_vc8192,True,4,synthetic,False,,0.1878484189510345,29.645277451000084,16,2153.28185689368,512,8,1.4712560139596462,0.3882445752856581,4,1,Gemma3 270M,google/gemma-3-270m-it,,,,/tmp/gemma3-270m-cce-mesh-repeat/mesh_fsdp4_tp1_repeat2/mesh_fsdp4_tp1_repeat2_cce_r16_b16_l512_tc128_vc8192,65.457408512,67.637338112,2.1799296,0.451381930000025,False,ok,8.0,mesh_fsdp4_tp1_repeat2,False,128,v5litepod-4,4595.041665907087,cce,8192,45.88586984900007,/tmp/gemma3-270m-cce-mesh-repeat/mesh_fsdp4_tp1_repeat2/mesh_fsdp4_tp1_repeat2_cce_r16_b16_l512_tc128_vc8192/xla/module_0657.jit__train_step.cl_914450892.after_optimizations-memory-usage-report.txt,3.85,data/gemma3_270m_mesh_cce_repeat/raw/gemma3-270m-cce-mesh-repeat-mesh-repeat-rest/gemma3-270m-cce-mesh-repeat/mesh_fsdp4_tp1_repeat2/mesh_fsdp4_tp1_repeat2_results.csv,2,fsdp4/tp1,b16/L512,True
False,16,mesh_fsdp2_tp2_repeat2_default_r16_b16_l512_tc128_vc8192,False,4,synthetic,True,,0.2521025240421295,30.406591241999877,16,5264.70691310323,512,8,1.4813942089676857,0.1587932650000506,2,2,Gemma3 270M,google/gemma-3-270m-it,,,,/tmp/gemma3-270m-cce-mesh-repeat/mesh_fsdp2_tp2_repeat2/mesh_fsdp2_tp2_repeat2_default_r16_b16_l512_tc128_vc8192,65.351960576,67.637338112,2.285377536,0.2418405529999745,False,ok,8.0,mesh_fsdp2_tp2_repeat2,False,128,v5litepod-4,11234.733412650914,default,8192,45.52359296099985,/tmp/gemma3-270m-cce-mesh-repeat/mesh_fsdp2_tp2_repeat2/mesh_fsdp2_tp2_repeat2_default_r16_b16_l512_tc128_vc8192/xla/module_0677.jit__train_step.cl_914450892.after_optimizations-memory-usage-report.txt,6.23,data/gemma3_270m_mesh_cce_repeat/raw/gemma3-270m-cce-mesh-repeat-mesh-2x2-repeat/gemma3-270m-cce-mesh-repeat/mesh_fsdp2_tp2_repeat2/mesh_fsdp2_tp2_repeat2_results.csv,2,fsdp2/tp2,b16/L512,True
False,16,mesh_fsdp1_tp4_repeat2_default_r16_b16_l512_tc128_vc8192,False,4,synthetic,True,,0.254715234041214,37.57991689399978,16,152.98114931373655,512,8,1.484163537621498,5.464725580571472,1,4,Gemma3 270M,google/gemma-3-270m-it,,,,/tmp/gemma3-270m-cce-mesh-repeat/mesh_fsdp1_tp4_repeat2/mesh_fsdp1_tp4_repeat2_default_r16_b16_l512_tc128_vc8192,64.08333312,67.637338112,3.554004992,37.94380713599958,False,ok,8.0,mesh_fsdp1_tp4_repeat2,False,128,v5litepod-4,326.45738083218424,default,8192,90.1305076489998,/tmp/gemma3-270m-cce-mesh-repeat/mesh_fsdp1_tp4_repeat2/mesh_fsdp1_tp4_repeat2_default_r16_b16_l512_tc128_vc8192/xla/module_0920.jit__train_step.cl_914450892.after_optimizations-memory-usage-report.txt,3.47,data/gemma3_270m_mesh_cce_repeat/raw/gemma3-270m-cce-mesh-repeat-mesh-repeat-rest/gemma3-270m-cce-mesh-repeat/mesh_fsdp1_tp4_repeat2/mesh_fsdp1_tp4_repeat2_results.csv,2,fsdp1/tp4,b16/L512,True
False,16,mesh_fsdp4_tp1_repeat2_default_r16_b16_l512_tc128_vc8192,False,4,synthetic,True,,0.3029087483882904,29.376681328000014,16,3940.50543020806,512,8,1.5032098107039928,0.2121555254285892,4,1,Gemma3 270M,google/gemma-3-270m-it,,,,/tmp/gemma3-270m-cce-mesh-repeat/mesh_fsdp4_tp1_repeat2/mesh_fsdp4_tp1_repeat2_default_r16_b16_l512_tc128_vc8192,65.464020992,67.637338112,2.17331712,0.2779359880000811,False,ok,8.0,mesh_fsdp4_tp1_repeat2,False,128,v5litepod-4,8408.925463506195,default,8192,45.36450644299998,/tmp/gemma3-270m-cce-mesh-repeat/mesh_fsdp4_tp1_repeat2/mesh_fsdp4_tp1_repeat2_default_r16_b16_l512_tc128_vc8192/xla/module_0657.jit__train_step.cl_914450892.after_optimizations-memory-usage-report.txt,11.29,data/gemma3_270m_mesh_cce_repeat/raw/gemma3-270m-cce-mesh-repeat-mesh-repeat-rest/gemma3-270m-cce-mesh-repeat/mesh_fsdp4_tp1_repeat2/mesh_fsdp4_tp1_repeat2_results.csv,2,fsdp4/tp1,b16/L512,True
False,16,mesh_fsdp2_tp2_repeat2_cce_r16_b16_l1024_tc128_vc8192,True,4,synthetic,False,,0.1520199328660965,32.81265556599965,16,27.186028525514654,1024,8,1.4238064121454954,30.75108963471426,2,2,Gemma3 270M,google/gemma-3-270m-it,,,,/tmp/gemma3-270m-cce-mesh-repeat/mesh_fsdp2_tp2_repeat2/mesh_fsdp2_tp2_repeat2_cce_r16_b16_l1024_tc128_vc8192,65.144270848,67.637338112,2.493067264,30.832883433999996,False,ok,8.0,mesh_fsdp2_tp2_repeat2,False,128,v5litepod-4,58.014204413299225,cce,8192,292.5882296369996,/tmp/gemma3-270m-cce-mesh-repeat/mesh_fsdp2_tp2_repeat2/mesh_fsdp2_tp2_repeat2_cce_r16_b16_l1024_tc128_vc8192/xla/module_0677.jit__train_step.cl_914450892.after_optimizations-memory-usage-report.txt,5.13,data/gemma3_270m_mesh_cce_repeat/raw/gemma3-270m-cce-mesh-repeat-mesh-2x2-repeat/gemma3-270m-cce-mesh-repeat/mesh_fsdp2_tp2_repeat2/mesh_fsdp2_tp2_repeat2_results.csv,2,fsdp2/tp2,b16/L1024,True
False,16,mesh_fsdp1_tp4_repeat2_cce_r16_b16_l1024_tc128_vc8192,True,4,synthetic,False,,0.2560717463493347,43.4687856810001,16,83.53022567627666,1024,8,1.4941343888640404,10.008353182714211,1,4,Gemma3 270M,google/gemma-3-270m-it,,,,/tmp/gemma3-270m-cce-mesh-repeat/mesh_fsdp1_tp4_repeat2/mesh_fsdp1_tp4_repeat2_cce_r16_b16_l1024_tc128_vc8192,63.613949952,67.637338112,4.02338816,46.57062761499992,False,ok,8.0,mesh_fsdp1_tp4_repeat2,False,128,v5litepod-4,178.25110359626504,cce,8192,131.46993289600005,/tmp/gemma3-270m-cce-mesh-repeat/mesh_fsdp1_tp4_repeat2/mesh_fsdp1_tp4_repeat2_cce_r16_b16_l1024_tc128_vc8192/xla/module_0972.jit__train_step.cl_914450892.after_optimizations-memory-usage-report.txt,3.06,data/gemma3_270m_mesh_cce_repeat/raw/gemma3-270m-cce-mesh-repeat-mesh-repeat-rest/gemma3-270m-cce-mesh-repeat/mesh_fsdp1_tp4_repeat2/mesh_fsdp1_tp4_repeat2_results.csv,2,fsdp1/tp4,b16/L1024,True
False,16,mesh_fsdp4_tp1_repeat2_cce_r16_b16_l1024_tc128_vc8192,True,4,synthetic,False,,0.2226893454790115,29.285492804999876,16,1034.777761438889,1024,8,1.4401805382221935,0.8079029441428247,4,1,Gemma3 270M,google/gemma-3-270m-it,,,,/tmp/gemma3-270m-cce-mesh-repeat/mesh_fsdp4_tp1_repeat2/mesh_fsdp4_tp1_repeat2_cce_r16_b16_l1024_tc128_vc8192,65.291022336,67.637338112,2.346315776,0.8719034799999008,False,ok,8.0,mesh_fsdp4_tp1_repeat2,False,128,v5litepod-4,2208.1860363719834,cce,8192,49.318336188999865,/tmp/gemma3-270m-cce-mesh-repeat/mesh_fsdp4_tp1_repeat2/mesh_fsdp4_tp1_repeat2_cce_r16_b16_l1024_tc128_vc8192/xla/module_0657.jit__train_step.cl_914450892.after_optimizations-memory-usage-report.txt,7.49,data/gemma3_270m_mesh_cce_repeat/raw/gemma3-270m-cce-mesh-repeat-mesh-repeat-rest/gemma3-270m-cce-mesh-repeat/mesh_fsdp4_tp1_repeat2/mesh_fsdp4_tp1_repeat2_results.csv,2,fsdp4/tp1,b16/L1024,True
False,16,mesh_fsdp2_tp2_repeat2_default_r16_b16_l1024_tc128_vc8192,False,4,synthetic,True,,0.2523408532142639,32.17679592099989,16,2618.5450890242328,1024,8,1.4851772263646126,0.3192612582858081,2,2,Gemma3 270M,google/gemma-3-270m-it,,,,/tmp/gemma3-270m-cce-mesh-repeat/mesh_fsdp2_tp2_repeat2/mesh_fsdp2_tp2_repeat2_default_r16_b16_l1024_tc128_vc8192,65.119840768,67.637338112,2.517497344,0.4013653810002324,False,ok,8.0,mesh_fsdp2_tp2_repeat2,False,128,v5litepod-4,5587.900046434487,default,8192,50.78205123399994,/tmp/gemma3-270m-cce-mesh-repeat/mesh_fsdp2_tp2_repeat2/mesh_fsdp2_tp2_repeat2_default_r16_b16_l1024_tc128_vc8192/xla/module_0677.jit__train_step.cl_914450892.after_optimizations-memory-usage-report.txt,12.66,data/gemma3_270m_mesh_cce_repeat/raw/gemma3-270m-cce-mesh-repeat-mesh-2x2-repeat/gemma3-270m-cce-mesh-repeat/mesh_fsdp2_tp2_repeat2/mesh_fsdp2_tp2_repeat2_results.csv,2,fsdp2/tp2,b16/L1024,True
False,16,mesh_fsdp1_tp4_repeat2_default_r16_b16_l1024_tc128_vc8192,False,4,synthetic,True,,0.2346418499946594,42.01836560900029,16,136.29299364831087,1024,8,1.4853768981993198,6.133844283714292,1,4,Gemma3 270M,google/gemma-3-270m-it,,,,/tmp/gemma3-270m-cce-mesh-repeat/mesh_fsdp1_tp4_repeat2/mesh_fsdp1_tp4_repeat2_default_r16_b16_l1024_tc128_vc8192,63.59099136,67.637338112,4.046346752,42.31123751500036,False,ok,8.0,mesh_fsdp1_tp4_repeat2,False,128,v5litepod-4,290.8453357279744,default,8192,98.61546987799966,/tmp/gemma3-270m-cce-mesh-repeat/mesh_fsdp1_tp4_repeat2/mesh_fsdp1_tp4_repeat2_default_r16_b16_l1024_tc128_vc8192/xla/module_0934.jit__train_step.cl_914450892.after_optimizations-memory-usage-report.txt,6.86,data/gemma3_270m_mesh_cce_repeat/raw/gemma3-270m-cce-mesh-repeat-mesh-repeat-rest/gemma3-270m-cce-mesh-repeat/mesh_fsdp1_tp4_repeat2/mesh_fsdp1_tp4_repeat2_results.csv,2,fsdp1/tp4,b16/L1024,True
,16,mesh_fsdp4_tp1_repeat2_default_r16_b16_l1024_tc128_vc8192,,4,synthetic,,compile_oom,,,16,,1024,8,,,4,1,Gemma3 270M,google/gemma-3-270m-it,5.04,15.75,20.79,/tmp/gemma3-270m-cce-mesh-repeat/mesh_fsdp4_tp1_repeat2/mesh_fsdp4_tp1_repeat2_default_r16_b16_l1024_tc128_vc8192,,,,,,failed,,mesh_fsdp4_tp1_repeat2,,128,v5litepod-4,,default,8192,,/tmp/gemma3-270m-cce-mesh-repeat/mesh_fsdp4_tp1_repeat2/mesh_fsdp4_tp1_repeat2_default_r16_b16_l1024_tc128_vc8192/xla/module_0657.jit__train_step.cl_914450892.after_optimizations-memory-usage-report.txt,21.06,data/gemma3_270m_mesh_cce_repeat/raw/gemma3-270m-cce-mesh-repeat-mesh-repeat-rest/gemma3-270m-cce-mesh-repeat/mesh_fsdp4_tp1_repeat2/mesh_fsdp4_tp1_repeat2_results.csv,2,fsdp4/tp1,b16/L1024,False
False,32,mesh_fsdp2_tp2_repeat2_cce_r16_b32_l512_tc128_vc8192,True,4,synthetic,False,,0.2289549708366394,33.79811983500031,16,54.85794328162006,512,8,1.4297322668135166,30.739134816428628,2,2,Gemma3 270M,google/gemma-3-270m-it,,,,/tmp/gemma3-270m-cce-mesh-repeat/mesh_fsdp2_tp2_repeat2/mesh_fsdp2_tp2_repeat2_cce_r16_b32_l512_tc128_vc8192,65.063657472,67.637338112,2.57368064,30.819538284999908,False,ok,8.0,mesh_fsdp2_tp2_repeat2,False,128,v5litepod-4,117.0030142373828,cce,8192,293.4508986210003,/tmp/gemma3-270m-cce-mesh-repeat/mesh_fsdp2_tp2_repeat2/mesh_fsdp2_tp2_repeat2_cce_r16_b32_l512_tc128_vc8192/xla/module_0677.jit__train_step.cl_914450892.after_optimizations-memory-usage-report.txt,4.56,data/gemma3_270m_mesh_cce_repeat/raw/gemma3-270m-cce-mesh-repeat-mesh-2x2-repeat/gemma3-270m-cce-mesh-repeat/mesh_fsdp2_tp2_repeat2/mesh_fsdp2_tp2_repeat2_results.csv,2,fsdp2/tp2,b32/L512,True
False,32,mesh_fsdp1_tp4_repeat2_cce_r16_b32_l512_tc128_vc8192,True,4,synthetic,False,,0.2595275938510895,43.07006869099996,16,169.6651105409707,512,8,1.4521937817335129,9.93890676114292,1,4,Gemma3 270M,google/gemma-3-270m-it,,,,/tmp/gemma3-270m-cce-mesh-repeat/mesh_fsdp1_tp4_repeat2/mesh_fsdp1_tp4_repeat2_cce_r16_b32_l512_tc128_vc8192,63.609135104,67.637338112,4.028203008,46.06555132599988,False,ok,8.0,mesh_fsdp1_tp4_repeat2,False,128,v5litepod-4,361.8679111300811,cce,8192,130.82538222200037,/tmp/gemma3-270m-cce-mesh-repeat/mesh_fsdp1_tp4_repeat2/mesh_fsdp1_tp4_repeat2_cce_r16_b32_l512_tc128_vc8192/xla/module_0965.jit__train_step.cl_914450892.after_optimizations-memory-usage-report.txt,2.77,data/gemma3_270m_mesh_cce_repeat/raw/gemma3-270m-cce-mesh-repeat-mesh-repeat-rest/gemma3-270m-cce-mesh-repeat/mesh_fsdp1_tp4_repeat2/mesh_fsdp1_tp4_repeat2_results.csv,2,fsdp1/tp4,b32/L512,True
False,32,mesh_fsdp4_tp1_repeat2_cce_r16_b32_l512_tc128_vc8192,True,4,synthetic,False,,0.1831694394350052,29.04065720199992,16,2143.901442989476,512,8,1.4436601307243109,0.7865500159999621,4,1,Gemma3 270M,google/gemma-3-270m-it,,,,/tmp/gemma3-270m-cce-mesh-repeat/mesh_fsdp4_tp1_repeat2/mesh_fsdp4_tp1_repeat2_cce_r16_b32_l512_tc128_vc8192,65.211099136,67.637338112,2.426238976,0.8511250530000325,False,ok,8.0,mesh_fsdp4_tp1_repeat2,False,128,v5litepod-4,4572.590878405884,cce,8192,48.857984402000056,/tmp/gemma3-270m-cce-mesh-repeat/mesh_fsdp4_tp1_repeat2/mesh_fsdp4_tp1_repeat2_cce_r16_b32_l512_tc128_vc8192/xla/module_0657.jit__train_step.cl_914450892.after_optimizations-memory-usage-report.txt,6.29,data/gemma3_270m_mesh_cce_repeat/raw/gemma3-270m-cce-mesh-repeat-mesh-repeat-rest/gemma3-270m-cce-mesh-repeat/mesh_fsdp4_tp1_repeat2/mesh_fsdp4_tp1_repeat2_results.csv,2,fsdp4/tp1,b32/L512,True
False,32,mesh_fsdp2_tp2_repeat2_default_r16_b32_l512_tc128_vc8192,False,4,synthetic,True,,0.176168605685234,32.877566759000274,16,5448.836985790539,512,8,1.4094098266214132,0.3094762641428263,2,2,Gemma3 270M,google/gemma-3-270m-it,,,,/tmp/gemma3-270m-cce-mesh-repeat/mesh_fsdp2_tp2_repeat2/mesh_fsdp2_tp2_repeat2_default_r16_b32_l512_tc128_vc8192,65.058768896,67.637338112,2.578569216,0.3923071939998408,False,ok,8.0,mesh_fsdp2_tp2_repeat2,False,128,v5litepod-4,11621.477461391274,default,8192,50.27397470999995,/tmp/gemma3-270m-cce-mesh-repeat/mesh_fsdp2_tp2_repeat2/mesh_fsdp2_tp2_repeat2_default_r16_b32_l512_tc128_vc8192/xla/module_0677.jit__train_step.cl_914450892.after_optimizations-memory-usage-report.txt,12.11,data/gemma3_270m_mesh_cce_repeat/raw/gemma3-270m-cce-mesh-repeat-mesh-2x2-repeat/gemma3-270m-cce-mesh-repeat/mesh_fsdp2_tp2_repeat2/mesh_fsdp2_tp2_repeat2_results.csv,2,fsdp2/tp2,b32/L512,True
False,32,mesh_fsdp1_tp4_repeat2_default_r16_b32_l512_tc128_vc8192,False,4,synthetic,True,,0.2772982716560364,42.0533940170003,16,274.3781458104393,512,8,1.4592232182621956,6.145845578571425,1,4,Gemma3 270M,google/gemma-3-270m-it,,,,/tmp/gemma3-270m-cce-mesh-repeat/mesh_fsdp1_tp4_repeat2/mesh_fsdp1_tp4_repeat2_default_r16_b32_l512_tc128_vc8192,63.623088128,67.637338112,4.014249984,42.420750775000215,False,ok,8.0,mesh_fsdp1_tp4_repeat2,False,128,v5litepod-4,585.2036766285684,default,8192,98.77613052900006,/tmp/gemma3-270m-cce-mesh-repeat/mesh_fsdp1_tp4_repeat2/mesh_fsdp1_tp4_repeat2_default_r16_b32_l512_tc128_vc8192/xla/module_0927.jit__train_step.cl_914450892.after_optimizations-memory-usage-report.txt,6.59,data/gemma3_270m_mesh_cce_repeat/raw/gemma3-270m-cce-mesh-repeat-mesh-repeat-rest/gemma3-270m-cce-mesh-repeat/mesh_fsdp1_tp4_repeat2/mesh_fsdp1_tp4_repeat2_results.csv,2,fsdp1/tp4,b32/L512,True
,32,mesh_fsdp4_tp1_repeat2_default_r16_b32_l512_tc128_vc8192,,4,synthetic,,compile_oom,,,16,,512,8,,,4,1,Gemma3 270M,google/gemma-3-270m-it,5.04,15.75,20.79,/tmp/gemma3-270m-cce-mesh-repeat/mesh_fsdp4_tp1_repeat2/mesh_fsdp4_tp1_repeat2_default_r16_b32_l512_tc128_vc8192,,,,,,failed,,mesh_fsdp4_tp1_repeat2,,128,v5litepod-4,,default,8192,,/tmp/gemma3-270m-cce-mesh-repeat/mesh_fsdp4_tp1_repeat2/mesh_fsdp4_tp1_repeat2_default_r16_b32_l512_tc128_vc8192/xla/module_0657.jit__train_step.cl_914450892.after_optimizations-memory-usage-report.txt,21.06,data/gemma3_270m_mesh_cce_repeat/raw/gemma3-270m-cce-mesh-repeat-mesh-repeat-rest/gemma3-270m-cce-mesh-repeat/mesh_fsdp4_tp1_repeat2/mesh_fsdp4_tp1_repeat2_results.csv,2,fsdp4/tp1,b32/L512,False
False,32,mesh_fsdp2_tp2_repeat2_cce_r16_b32_l1024_tc128_vc8192,True,4,synthetic,False,,0.2318218797445297,35.353813314000035,16,27.41536512604144,1024,8,1.4307367596775291,61.508781901428584,2,2,Gemma3 270M,google/gemma-3-270m-it,,,,/tmp/gemma3-270m-cce-mesh-repeat/mesh_fsdp2_tp2_repeat2/mesh_fsdp2_tp2_repeat2_cce_r16_b32_l1024_tc128_vc8192,65.088024576,67.637338112,2.549313536,61.58989096899995,False,ok,8.0,mesh_fsdp2_tp2_repeat2,False,128,v5litepod-4,58.4724866497136,cce,8192,540.8550843130001,/tmp/gemma3-270m-cce-mesh-repeat/mesh_fsdp2_tp2_repeat2/mesh_fsdp2_tp2_repeat2_cce_r16_b32_l1024_tc128_vc8192/xla/module_0677.jit__train_step.cl_914450892.after_optimizations-memory-usage-report.txt,9.54,data/gemma3_270m_mesh_cce_repeat/raw/gemma3-270m-cce-mesh-repeat-mesh-2x2-repeat/gemma3-270m-cce-mesh-repeat/mesh_fsdp2_tp2_repeat2/mesh_fsdp2_tp2_repeat2_results.csv,2,fsdp2/tp2,b32/L1024,True
False,32,mesh_fsdp1_tp4_repeat2_cce_r16_b32_l1024_tc128_vc8192,True,4,synthetic,False,,0.1774544715881347,46.63125834699986,16,117.0427427342928,1024,8,1.404810793697834,14.40743505228576,1,4,Gemma3 270M,google/gemma-3-270m-it,,,,/tmp/gemma3-270m-cce-mesh-repeat/mesh_fsdp1_tp4_repeat2/mesh_fsdp1_tp4_repeat2_cce_r16_b32_l1024_tc128_vc8192,63.376564224,67.637338112,4.260773888,53.77084844900037,False,ok,8.0,mesh_fsdp1_tp4_repeat2,False,128,v5litepod-4,249.63301347666516,cce,8192,169.61147383099978,/tmp/gemma3-270m-cce-mesh-repeat/mesh_fsdp1_tp4_repeat2/mesh_fsdp1_tp4_repeat2_cce_r16_b32_l1024_tc128_vc8192/xla/module_1018.jit__train_step.cl_914450892.after_optimizations-memory-usage-report.txt,5.69,data/gemma3_270m_mesh_cce_repeat/raw/gemma3-270m-cce-mesh-repeat-mesh-repeat-rest/gemma3-270m-cce-mesh-repeat/mesh_fsdp1_tp4_repeat2/mesh_fsdp1_tp4_repeat2_results.csv,2,fsdp1/tp4,b32/L1024,True
False,32,mesh_fsdp4_tp1_repeat2_cce_r16_b32_l1024_tc128_vc8192,True,4,synthetic,False,,0.244759127497673,25.701100790000055,16,1016.8494476650224,1024,8,1.4781059380620718,1.6583435415713796,4,1,Gemma3 270M,google/gemma-3-270m-it,,,,/tmp/gemma3-270m-cce-mesh-repeat/mesh_fsdp4_tp1_repeat2/mesh_fsdp4_tp1_repeat2_cce_r16_b32_l1024_tc128_vc8192,66.275719168,67.637338112,1.361618944,1.7190577490000578,False,ok,8.0,mesh_fsdp4_tp1_repeat2,False,128,v5litepod-4,2168.7734407331923,cce,8192,52.09661568999991,/tmp/gemma3-270m-cce-mesh-repeat/mesh_fsdp4_tp1_repeat2/mesh_fsdp4_tp1_repeat2_cce_r16_b32_l1024_tc128_vc8192/xla/module_0657.jit__train_step.cl_914450892.after_optimizations-memory-usage-report.txt,14.12,data/gemma3_270m_mesh_cce_repeat/raw/gemma3-270m-cce-mesh-repeat-mesh-repeat-rest/gemma3-270m-cce-mesh-repeat/mesh_fsdp4_tp1_repeat2/mesh_fsdp4_tp1_repeat2_results.csv,2,fsdp4/tp1,b32/L1024,True
,32,mesh_fsdp2_tp2_repeat2_default_r16_b32_l1024_tc128_vc8192,,4,synthetic,,compile_oom,,,16,,1024,8,,,2,2,Gemma3 270M,google/gemma-3-270m-it,6.29,15.75,22.04,/tmp/gemma3-270m-cce-mesh-repeat/mesh_fsdp2_tp2_repeat2/mesh_fsdp2_tp2_repeat2_default_r16_b32_l1024_tc128_vc8192,,,,,,failed,,mesh_fsdp2_tp2_repeat2,,128,v5litepod-4,,default,8192,,/tmp/gemma3-270m-cce-mesh-repeat/mesh_fsdp2_tp2_repeat2/mesh_fsdp2_tp2_repeat2_default_r16_b32_l1024_tc128_vc8192/xla/module_0677.jit__train_step.cl_914450892.after_optimizations-memory-usage-report.txt,22.31,data/gemma3_270m_mesh_cce_repeat/raw/gemma3-270m-cce-mesh-repeat-mesh-2x2-repeat/gemma3-270m-cce-mesh-repeat/mesh_fsdp2_tp2_repeat2/mesh_fsdp2_tp2_repeat2_results.csv,2,fsdp2/tp2,b32/L1024,False
False,32,mesh_fsdp1_tp4_repeat2_default_r16_b32_l1024_tc128_vc8192,False,4,synthetic,True,,0.1737317889928817,45.32200022100005,16,255.06132804599864,1024,8,1.4021112937480211,6.611295123428525,1,4,Gemma3 270M,google/gemma-3-270m-it,,,,/tmp/gemma3-270m-cce-mesh-repeat/mesh_fsdp1_tp4_repeat2/mesh_fsdp1_tp4_repeat2_default_r16_b32_l1024_tc128_vc8192,63.3639936,67.637338112,4.273344512,44.962082353999904,False,ok,8.0,mesh_fsdp1_tp4_repeat2,False,128,v5litepod-4,544.0040659849257,default,8192,106.08915279199982,/tmp/gemma3-270m-cce-mesh-repeat/mesh_fsdp1_tp4_repeat2/mesh_fsdp1_tp4_repeat2_default_r16_b32_l1024_tc128_vc8192/xla/module_0979.jit__train_step.cl_914450892.after_optimizations-memory-usage-report.txt,13.48,data/gemma3_270m_mesh_cce_repeat/raw/gemma3-270m-cce-mesh-repeat-mesh-repeat-rest/gemma3-270m-cce-mesh-repeat/mesh_fsdp1_tp4_repeat2/mesh_fsdp1_tp4_repeat2_results.csv,2,fsdp1/tp4,b32/L1024,True
,32,mesh_fsdp4_tp1_repeat2_default_r16_b32_l1024_tc128_vc8192,,4,synthetic,,compile_oom,,,16,,1024,8,,,4,1,Gemma3 270M,google/gemma-3-270m-it,25.7,15.75,41.45,/tmp/gemma3-270m-cce-mesh-repeat/mesh_fsdp4_tp1_repeat2/mesh_fsdp4_tp1_repeat2_default_r16_b32_l1024_tc128_vc8192,,,,,,failed,,mesh_fsdp4_tp1_repeat2,,128,v5litepod-4,,default,8192,,/tmp/gemma3-270m-cce-mesh-repeat/mesh_fsdp4_tp1_repeat2/mesh_fsdp4_tp1_repeat2_default_r16_b32_l1024_tc128_vc8192/xla/module_0657.jit__train_step.cl_914450892.after_optimizations-memory-usage-report.txt,41.72,data/gemma3_270m_mesh_cce_repeat/raw/gemma3-270m-cce-mesh-repeat-mesh-repeat-rest/gemma3-270m-cce-mesh-repeat/mesh_fsdp4_tp1_repeat2/mesh_fsdp4_tp1_repeat2_results.csv,2,fsdp4/tp1,b32/L1024,False
False,16,mesh_fsdp2_tp2_repeat3_cce_r16_b16_l512_tc128_vc8192,True,4,synthetic,False,,0.1987468153238296,33.200383883000086,16,54.379069828259546,512,8,1.4183824826031923,15.373561972285708,2,2,Gemma3 270M,google/gemma-3-270m-it,,,,/tmp/gemma3-270m-cce-mesh-repeat/mesh_fsdp2_tp2_repeat3/mesh_fsdp2_tp2_repeat3_cce_r16_b16_l512_tc128_vc8192,65.349801984,67.637338112,2.287536128,15.453293339000084,False,ok,8.0,mesh_fsdp2_tp2_repeat3,False,128,v5litepod-4,116.043373891884,cce,8192,169.37589562799985,/tmp/gemma3-270m-cce-mesh-repeat/mesh_fsdp2_tp2_repeat3/mesh_fsdp2_tp2_repeat3_cce_r16_b16_l512_tc128_vc8192/xla/module_0677.jit__train_step.cl_914450892.after_optimizations-memory-usage-report.txt,2.65,data/gemma3_270m_mesh_cce_repeat/raw/gemma3-270m-cce-mesh-repeat-mesh-2x2-repeat/gemma3-270m-cce-mesh-repeat/mesh_fsdp2_tp2_repeat3/mesh_fsdp2_tp2_repeat3_results.csv,3,fsdp2/tp2,b16/L512,True
False,16,mesh_fsdp1_tp4_repeat3_cce_r16_b16_l512_tc128_vc8192,True,4,synthetic,False,,0.1233649626374244,38.46352071000001,16,113.36910716716696,512,8,1.397073240019381,7.37414292914283,1,4,Gemma3 270M,google/gemma-3-270m-it,,,,/tmp/gemma3-270m-cce-mesh-repeat/mesh_fsdp1_tp4_repeat3/mesh_fsdp1_tp4_repeat3_cce_r16_b16_l512_tc128_vc8192,64.066400256,67.637338112,3.570937856,39.85324602399942,False,ok,8.0,mesh_fsdp1_tp4_repeat3,False,128,v5litepod-4,241.9264200792175,cce,8192,105.91286805900016,/tmp/gemma3-270m-cce-mesh-repeat/mesh_fsdp1_tp4_repeat3/mesh_fsdp1_tp4_repeat3_cce_r16_b16_l512_tc128_vc8192/xla/module_0949.jit__train_step.cl_914450892.after_optimizations-memory-usage-report.txt,1.64,data/gemma3_270m_mesh_cce_repeat/raw/gemma3-270m-cce-mesh-repeat-mesh-repeat-rest/gemma3-270m-cce-mesh-repeat/mesh_fsdp1_tp4_repeat3/mesh_fsdp1_tp4_repeat3_results.csv,3,fsdp1/tp4,b16/L512,True
False,16,mesh_fsdp4_tp1_repeat3_cce_r16_b16_l512_tc128_vc8192,True,4,synthetic,False,,0.1232120618224144,29.56715188800013,16,2153.298066971843,512,8,1.4037091163918376,0.3882416525714234,4,1,Gemma3 270M,google/gemma-3-270m-it,,,,/tmp/gemma3-270m-cce-mesh-repeat/mesh_fsdp4_tp1_repeat3/mesh_fsdp4_tp1_repeat3_cce_r16_b16_l512_tc128_vc8192,65.459800576,67.637338112,2.177537536,0.4545875849998992,False,ok,8.0,mesh_fsdp4_tp1_repeat3,False,128,v5litepod-4,4595.076257748527,cce,8192,46.06602402499993,/tmp/gemma3-270m-cce-mesh-repeat/mesh_fsdp4_tp1_repeat3/mesh_fsdp4_tp1_repeat3_cce_r16_b16_l512_tc128_vc8192/xla/module_0657.jit__train_step.cl_914450892.after_optimizations-memory-usage-report.txt,3.85,data/gemma3_270m_mesh_cce_repeat/raw/gemma3-270m-cce-mesh-repeat-mesh-repeat-rest/gemma3-270m-cce-mesh-repeat/mesh_fsdp4_tp1_repeat3/mesh_fsdp4_tp1_repeat3_results.csv,3,fsdp4/tp1,b16/L512,True
False,16,mesh_fsdp2_tp2_repeat3_default_r16_b16_l512_tc128_vc8192,False,4,synthetic,True,,0.1657662987709045,30.469371375000264,16,5279.061930537944,512,8,1.36581177636981,0.1583614685715214,2,2,Gemma3 270M,google/gemma-3-270m-it,,,,/tmp/gemma3-270m-cce-mesh-repeat/mesh_fsdp2_tp2_repeat3/mesh_fsdp2_tp2_repeat3_default_r16_b16_l512_tc128_vc8192,65.336254976,67.637338112,2.301083136,0.2407027900003413,False,ok,8.0,mesh_fsdp2_tp2_repeat3,False,128,v5litepod-4,11265.366607750828,default,8192,45.8905342070002,/tmp/gemma3-270m-cce-mesh-repeat/mesh_fsdp2_tp2_repeat3/mesh_fsdp2_tp2_repeat3_default_r16_b16_l512_tc128_vc8192/xla/module_0677.jit__train_step.cl_914450892.after_optimizations-memory-usage-report.txt,6.23,data/gemma3_270m_mesh_cce_repeat/raw/gemma3-270m-cce-mesh-repeat-mesh-2x2-repeat/gemma3-270m-cce-mesh-repeat/mesh_fsdp2_tp2_repeat3/mesh_fsdp2_tp2_repeat3_results.csv,3,fsdp2/tp2,b16/L512,True
False,16,mesh_fsdp1_tp4_repeat3_default_r16_b16_l512_tc128_vc8192,False,4,synthetic,True,,0.1040089130401611,37.618610206000085,16,155.75322320075017,512,8,1.3762340378016231,5.367465165857149,1,4,Gemma3 270M,google/gemma-3-270m-it,,,,/tmp/gemma3-270m-cce-mesh-repeat/mesh_fsdp1_tp4_repeat3/mesh_fsdp1_tp4_repeat3_default_r16_b16_l512_tc128_vc8192,64.08333312,67.637338112,3.554004992,37.26019467700007,False,ok,8.0,mesh_fsdp1_tp4_repeat3,False,128,v5litepod-4,332.37290692600277,default,8192,88.72759333900012,/tmp/gemma3-270m-cce-mesh-repeat/mesh_fsdp1_tp4_repeat3/mesh_fsdp1_tp4_repeat3_default_r16_b16_l512_tc128_vc8192/xla/module_0920.jit__train_step.cl_914450892.after_optimizations-memory-usage-report.txt,3.47,data/gemma3_270m_mesh_cce_repeat/raw/gemma3-270m-cce-mesh-repeat-mesh-repeat-rest/gemma3-270m-cce-mesh-repeat/mesh_fsdp1_tp4_repeat3/mesh_fsdp1_tp4_repeat3_results.csv,3,fsdp1/tp4,b16/L512,True
False,16,mesh_fsdp4_tp1_repeat3_default_r16_b16_l512_tc128_vc8192,False,4,synthetic,True,,0.179832711815834,29.3471769140001,16,3941.679869195172,512,8,1.44562809728086,0.2120923128571316,4,1,Gemma3 270M,google/gemma-3-270m-it,,,,/tmp/gemma3-270m-cce-mesh-repeat/mesh_fsdp4_tp1_repeat3/mesh_fsdp4_tp1_repeat3_default_r16_b16_l512_tc128_vc8192,65.438943744,67.637338112,2.198394368,0.2777466129998629,False,ok,8.0,mesh_fsdp4_tp1_repeat3,False,128,v5litepod-4,8411.43168258874,default,8192,44.63552633099994,/tmp/gemma3-270m-cce-mesh-repeat/mesh_fsdp4_tp1_repeat3/mesh_fsdp4_tp1_repeat3_default_r16_b16_l512_tc128_vc8192/xla/module_0657.jit__train_step.cl_914450892.after_optimizations-memory-usage-report.txt,11.29,data/gemma3_270m_mesh_cce_repeat/raw/gemma3-270m-cce-mesh-repeat-mesh-repeat-rest/gemma3-270m-cce-mesh-repeat/mesh_fsdp4_tp1_repeat3/mesh_fsdp4_tp1_repeat3_results.csv,3,fsdp4/tp1,b16/L512,True
False,16,mesh_fsdp2_tp2_repeat3_cce_r16_b16_l1024_tc128_vc8192,True,4,synthetic,False,,0.2050720602273941,32.848806565999894,16,27.186556585676986,1024,8,1.415285086259246,30.75049233857148,2,2,Gemma3 270M,google/gemma-3-270m-it,,,,/tmp/gemma3-270m-cce-mesh-repeat/mesh_fsdp2_tp2_repeat3/mesh_fsdp2_tp2_repeat3_cce_r16_b16_l1024_tc128_vc8192,65.144270848,67.637338112,2.493067264,30.829923722999865,False,ok,8.0,mesh_fsdp2_tp2_repeat3,False,128,v5litepod-4,58.015331278526,cce,8192,292.61446887500006,/tmp/gemma3-270m-cce-mesh-repeat/mesh_fsdp2_tp2_repeat3/mesh_fsdp2_tp2_repeat3_cce_r16_b16_l1024_tc128_vc8192/xla/module_0677.jit__train_step.cl_914450892.after_optimizations-memory-usage-report.txt,5.13,data/gemma3_270m_mesh_cce_repeat/raw/gemma3-270m-cce-mesh-repeat-mesh-2x2-repeat/gemma3-270m-cce-mesh-repeat/mesh_fsdp2_tp2_repeat3/mesh_fsdp2_tp2_repeat3_results.csv,3,fsdp2/tp2,b16/L1024,True
False,16,mesh_fsdp1_tp4_repeat3_cce_r16_b16_l1024_tc128_vc8192,True,4,synthetic,False,,0.1168001815676689,43.183152022000286,16,83.85802884987291,1024,8,1.3826959123834968,9.969230274857182,1,4,Gemma3 270M,google/gemma-3-270m-it,,,,/tmp/gemma3-270m-cce-mesh-repeat/mesh_fsdp1_tp4_repeat3/mesh_fsdp1_tp4_repeat3_cce_r16_b16_l1024_tc128_vc8192,63.613949952,67.637338112,4.02338816,46.296073231000264,False,ok,8.0,mesh_fsdp1_tp4_repeat3,False,128,v5litepod-4,178.950626158102,cce,8192,131.5926840860002,/tmp/gemma3-270m-cce-mesh-repeat/mesh_fsdp1_tp4_repeat3/mesh_fsdp1_tp4_repeat3_cce_r16_b16_l1024_tc128_vc8192/xla/module_0972.jit__train_step.cl_914450892.after_optimizations-memory-usage-report.txt,3.06,data/gemma3_270m_mesh_cce_repeat/raw/gemma3-270m-cce-mesh-repeat-mesh-repeat-rest/gemma3-270m-cce-mesh-repeat/mesh_fsdp1_tp4_repeat3/mesh_fsdp1_tp4_repeat3_results.csv,3,fsdp1/tp4,b16/L1024,True
False,16,mesh_fsdp4_tp1_repeat3_cce_r16_b16_l1024_tc128_vc8192,True,4,synthetic,False,,0.2093236744403839,29.21478865900008,16,1035.1181583646087,1024,8,1.3971999362111092,0.8076372665713863,4,1,Gemma3 270M,google/gemma-3-270m-it,,,,/tmp/gemma3-270m-cce-mesh-repeat/mesh_fsdp4_tp1_repeat3/mesh_fsdp4_tp1_repeat3_cce_r16_b16_l1024_tc128_vc8192,65.291022336,67.637338112,2.346315776,0.8704017639997801,False,ok,8.0,mesh_fsdp4_tp1_repeat3,False,128,v5litepod-4,2208.9124336393083,cce,8192,49.11209744500002,/tmp/gemma3-270m-cce-mesh-repeat/mesh_fsdp4_tp1_repeat3/mesh_fsdp4_tp1_repeat3_cce_r16_b16_l1024_tc128_vc8192/xla/module_0657.jit__train_step.cl_914450892.after_optimizations-memory-usage-report.txt,7.49,data/gemma3_270m_mesh_cce_repeat/raw/gemma3-270m-cce-mesh-repeat-mesh-repeat-rest/gemma3-270m-cce-mesh-repeat/mesh_fsdp4_tp1_repeat3/mesh_fsdp4_tp1_repeat3_results.csv,3,fsdp4/tp1,b16/L1024,True
False,16,mesh_fsdp2_tp2_repeat3_default_r16_b16_l1024_tc128_vc8192,False,4,synthetic,True,,0.1591921001672744,32.28447779800035,16,2614.33986735763,1024,8,1.361570654436946,0.3197747968572133,2,2,Gemma3 270M,google/gemma-3-270m-it,,,,/tmp/gemma3-270m-cce-mesh-repeat/mesh_fsdp2_tp2_repeat3/mesh_fsdp2_tp2_repeat3_default_r16_b16_l1024_tc128_vc8192,65.142503424,67.637338112,2.494834688,0.4032957580002403,False,ok,8.0,mesh_fsdp2_tp2_repeat3,False,128,v5litepod-4,5578.926224122024,default,8192,49.20246116699991,/tmp/gemma3-270m-cce-mesh-repeat/mesh_fsdp2_tp2_repeat3/mesh_fsdp2_tp2_repeat3_default_r16_b16_l1024_tc128_vc8192/xla/module_0677.jit__train_step.cl_914450892.after_optimizations-memory-usage-report.txt,12.66,data/gemma3_270m_mesh_cce_repeat/raw/gemma3-270m-cce-mesh-repeat-mesh-2x2-repeat/gemma3-270m-cce-mesh-repeat/mesh_fsdp2_tp2_repeat3/mesh_fsdp2_tp2_repeat3_results.csv,3,fsdp2/tp2,b16/L1024,True
False,16,mesh_fsdp1_tp4_repeat3_default_r16_b16_l1024_tc128_vc8192,False,4,synthetic,True,,0.1711571514606475,42.181246318000376,16,136.34206782031993,1024,8,1.4200483560562134,6.131636503428516,1,4,Gemma3 270M,google/gemma-3-270m-it,,,,/tmp/gemma3-270m-cce-mesh-repeat/mesh_fsdp1_tp4_repeat3/mesh_fsdp1_tp4_repeat3_default_r16_b16_l1024_tc128_vc8192,63.603906048,67.637338112,4.033432064,42.296501047000675,False,ok,8.0,mesh_fsdp1_tp4_repeat3,False,128,v5litepod-4,290.9500586022138,default,8192,99.291874431,/tmp/gemma3-270m-cce-mesh-repeat/mesh_fsdp1_tp4_repeat3/mesh_fsdp1_tp4_repeat3_default_r16_b16_l1024_tc128_vc8192/xla/module_0934.jit__train_step.cl_914450892.after_optimizations-memory-usage-report.txt,6.86,data/gemma3_270m_mesh_cce_repeat/raw/gemma3-270m-cce-mesh-repeat-mesh-repeat-rest/gemma3-270m-cce-mesh-repeat/mesh_fsdp1_tp4_repeat3/mesh_fsdp1_tp4_repeat3_results.csv,3,fsdp1/tp4,b16/L1024,True
,16,mesh_fsdp4_tp1_repeat3_default_r16_b16_l1024_tc128_vc8192,,4,synthetic,,compile_oom,,,16,,1024,8,,,4,1,Gemma3 270M,google/gemma-3-270m-it,5.04,15.75,20.79,/tmp/gemma3-270m-cce-mesh-repeat/mesh_fsdp4_tp1_repeat3/mesh_fsdp4_tp1_repeat3_default_r16_b16_l1024_tc128_vc8192,,,,,,failed,,mesh_fsdp4_tp1_repeat3,,128,v5litepod-4,,default,8192,,/tmp/gemma3-270m-cce-mesh-repeat/mesh_fsdp4_tp1_repeat3/mesh_fsdp4_tp1_repeat3_default_r16_b16_l1024_tc128_vc8192/xla/module_0657.jit__train_step.cl_914450892.after_optimizations-memory-usage-report.txt,21.06,data/gemma3_270m_mesh_cce_repeat/raw/gemma3-270m-cce-mesh-repeat-mesh-repeat-rest/gemma3-270m-cce-mesh-repeat/mesh_fsdp4_tp1_repeat3/mesh_fsdp4_tp1_repeat3_results.csv,3,fsdp4/tp1,b16/L1024,False
False,32,mesh_fsdp2_tp2_repeat3_cce_r16_b32_l512_tc128_vc8192,True,4,synthetic,False,,0.2013595551252365,33.329416030000175,16,54.857667261876344,512,8,1.4181223679333923,30.73928948228552,2,2,Gemma3 270M,google/gemma-3-270m-it,,,,/tmp/gemma3-270m-cce-mesh-repeat/mesh_fsdp2_tp2_repeat3/mesh_fsdp2_tp2_repeat3_cce_r16_b32_l512_tc128_vc8192,65.063657472,67.637338112,2.57368064,30.821083832000113,False,ok,8.0,mesh_fsdp2_tp2_repeat3,False,128,v5litepod-4,117.00242553244654,cce,8192,293.32551316900026,/tmp/gemma3-270m-cce-mesh-repeat/mesh_fsdp2_tp2_repeat3/mesh_fsdp2_tp2_repeat3_cce_r16_b32_l512_tc128_vc8192/xla/module_0677.jit__train_step.cl_914450892.after_optimizations-memory-usage-report.txt,4.56,data/gemma3_270m_mesh_cce_repeat/raw/gemma3-270m-cce-mesh-repeat-mesh-2x2-repeat/gemma3-270m-cce-mesh-repeat/mesh_fsdp2_tp2_repeat3/mesh_fsdp2_tp2_repeat3_results.csv,3,fsdp2/tp2,b32/L512,True
False,32,mesh_fsdp1_tp4_repeat3_cce_r16_b32_l512_tc128_vc8192,True,4,synthetic,False,,0.1718313992023468,43.20674000700001,16,169.2124567149216,512,8,1.4109595455229282,9.96549395371442,1,4,Gemma3 270M,google/gemma-3-270m-it,,,,/tmp/gemma3-270m-cce-mesh-repeat/mesh_fsdp1_tp4_repeat3/mesh_fsdp1_tp4_repeat3_cce_r16_b32_l512_tc128_vc8192,63.609135104,67.637338112,4.028203008,46.24906727600046,False,ok,8.0,mesh_fsdp1_tp4_repeat3,False,128,v5litepod-4,360.902474606478,cce,8192,130.67410727199967,/tmp/gemma3-270m-cce-mesh-repeat/mesh_fsdp1_tp4_repeat3/mesh_fsdp1_tp4_repeat3_cce_r16_b32_l512_tc128_vc8192/xla/module_0965.jit__train_step.cl_914450892.after_optimizations-memory-usage-report.txt,2.77,data/gemma3_270m_mesh_cce_repeat/raw/gemma3-270m-cce-mesh-repeat-mesh-repeat-rest/gemma3-270m-cce-mesh-repeat/mesh_fsdp1_tp4_repeat3/mesh_fsdp1_tp4_repeat3_results.csv,3,fsdp1/tp4,b32/L512,True
False,32,mesh_fsdp4_tp1_repeat3_cce_r16_b32_l512_tc128_vc8192,True,4,synthetic,False,,0.1940948516130447,28.96674522499984,16,2143.9911920627364,512,8,1.4361492302268744,0.7865170904285931,4,1,Gemma3 270M,google/gemma-3-270m-it,,,,/tmp/gemma3-270m-cce-mesh-repeat/mesh_fsdp4_tp1_repeat3/mesh_fsdp4_tp1_repeat3_cce_r16_b32_l512_tc128_vc8192,65.211099136,67.637338112,2.426238976,0.8533388360001481,False,ok,8.0,mesh_fsdp4_tp1_repeat3,False,128,v5litepod-4,4572.782298489618,cce,8192,48.84069722800018,/tmp/gemma3-270m-cce-mesh-repeat/mesh_fsdp4_tp1_repeat3/mesh_fsdp4_tp1_repeat3_cce_r16_b32_l512_tc128_vc8192/xla/module_0657.jit__train_step.cl_914450892.after_optimizations-memory-usage-report.txt,6.29,data/gemma3_270m_mesh_cce_repeat/raw/gemma3-270m-cce-mesh-repeat-mesh-repeat-rest/gemma3-270m-cce-mesh-repeat/mesh_fsdp4_tp1_repeat3/mesh_fsdp4_tp1_repeat3_results.csv,3,fsdp4/tp1,b32/L512,True
False,32,mesh_fsdp2_tp2_repeat3_default_r16_b32_l512_tc128_vc8192,False,4,synthetic,True,,0.212075188755989,32.69967091699982,16,5449.366803478533,512,8,1.4157196823507547,0.3094461751426414,2,2,Gemma3 270M,google/gemma-3-270m-it,,,,/tmp/gemma3-270m-cce-mesh-repeat/mesh_fsdp2_tp2_repeat3/mesh_fsdp2_tp2_repeat3_default_r16_b32_l512_tc128_vc8192,65.0502144,67.637338112,2.587123712,0.3919571099995664,False,ok,8.0,mesh_fsdp2_tp2_repeat3,False,128,v5litepod-4,11622.60747580274,default,8192,50.6737727360005,/tmp/gemma3-270m-cce-mesh-repeat/mesh_fsdp2_tp2_repeat3/mesh_fsdp2_tp2_repeat3_default_r16_b32_l512_tc128_vc8192/xla/module_0677.jit__train_step.cl_914450892.after_optimizations-memory-usage-report.txt,12.11,data/gemma3_270m_mesh_cce_repeat/raw/gemma3-270m-cce-mesh-repeat-mesh-2x2-repeat/gemma3-270m-cce-mesh-repeat/mesh_fsdp2_tp2_repeat3/mesh_fsdp2_tp2_repeat3_results.csv,3,fsdp2/tp2,b32/L512,True
False,32,mesh_fsdp1_tp4_repeat3_default_r16_b32_l512_tc128_vc8192,False,4,synthetic,True,,0.1495792418718338,42.11133595299998,16,274.0544807951126,512,8,1.3942910600453615,6.153103971857361,1,4,Gemma3 270M,google/gemma-3-270m-it,,,,/tmp/gemma3-270m-cce-mesh-repeat/mesh_fsdp1_tp4_repeat3/mesh_fsdp1_tp4_repeat3_default_r16_b32_l512_tc128_vc8192,63.568278016,67.637338112,4.069060096,42.47189949299991,False,ok,8.0,mesh_fsdp1_tp4_repeat3,False,128,v5litepod-4,584.5133521262077,default,8192,98.99144707200048,/tmp/gemma3-270m-cce-mesh-repeat/mesh_fsdp1_tp4_repeat3/mesh_fsdp1_tp4_repeat3_default_r16_b32_l512_tc128_vc8192/xla/module_0927.jit__train_step.cl_914450892.after_optimizations-memory-usage-report.txt,6.59,data/gemma3_270m_mesh_cce_repeat/raw/gemma3-270m-cce-mesh-repeat-mesh-repeat-rest/gemma3-270m-cce-mesh-repeat/mesh_fsdp1_tp4_repeat3/mesh_fsdp1_tp4_repeat3_results.csv,3,fsdp1/tp4,b32/L512,True
,32,mesh_fsdp4_tp1_repeat3_default_r16_b32_l512_tc128_vc8192,,4,synthetic,,compile_oom,,,16,,512,8,,,4,1,Gemma3 270M,google/gemma-3-270m-it,5.04,15.75,20.79,/tmp/gemma3-270m-cce-mesh-repeat/mesh_fsdp4_tp1_repeat3/mesh_fsdp4_tp1_repeat3_default_r16_b32_l512_tc128_vc8192,,,,,,failed,,mesh_fsdp4_tp1_repeat3,,128,v5litepod-4,,default,8192,,/tmp/gemma3-270m-cce-mesh-repeat/mesh_fsdp4_tp1_repeat3/mesh_fsdp4_tp1_repeat3_default_r16_b32_l512_tc128_vc8192/xla/module_0657.jit__train_step.cl_914450892.after_optimizations-memory-usage-report.txt,21.06,data/gemma3_270m_mesh_cce_repeat/raw/gemma3-270m-cce-mesh-repeat-mesh-repeat-rest/gemma3-270m-cce-mesh-repeat/mesh_fsdp4_tp1_repeat3/mesh_fsdp4_tp1_repeat3_results.csv,3,fsdp4/tp1,b32/L512,False
False,32,mesh_fsdp2_tp2_repeat3_cce_r16_b32_l1024_tc128_vc8192,True,4,synthetic,False,,0.1492225378751754,35.497172817999854,16,27.415286497363585,1024,8,1.39191379211843,61.508958312286005,2,2,Gemma3 270M,google/gemma-3-270m-it,,,,/tmp/gemma3-270m-cce-mesh-repeat/mesh_fsdp2_tp2_repeat3/mesh_fsdp2_tp2_repeat3_cce_r16_b32_l1024_tc128_vc8192,65.088024576,67.637338112,2.549313536,61.59063846400022,False,ok,8.0,mesh_fsdp2_tp2_repeat3,False,128,v5litepod-4,58.472318947613154,cce,8192,541.0124901770005,/tmp/gemma3-270m-cce-mesh-repeat/mesh_fsdp2_tp2_repeat3/mesh_fsdp2_tp2_repeat3_cce_r16_b32_l1024_tc128_vc8192/xla/module_0677.jit__train_step.cl_914450892.after_optimizations-memory-usage-report.txt,9.54,data/gemma3_270m_mesh_cce_repeat/raw/gemma3-270m-cce-mesh-repeat-mesh-2x2-repeat/gemma3-270m-cce-mesh-repeat/mesh_fsdp2_tp2_repeat3/mesh_fsdp2_tp2_repeat3_results.csv,3,fsdp2/tp2,b32/L1024,True
False,32,mesh_fsdp1_tp4_repeat3_cce_r16_b32_l1024_tc128_vc8192,True,4,synthetic,False,,0.1722702085971832,46.4789617159995,16,117.46327861026175,1024,8,1.412962183356285,14.355854308142884,1,4,Gemma3 270M,google/gemma-3-270m-it,,,,/tmp/gemma3-270m-cce-mesh-repeat/mesh_fsdp1_tp4_repeat3/mesh_fsdp1_tp4_repeat3_cce_r16_b32_l1024_tc128_vc8192,63.376564224,67.637338112,4.260773888,53.41458630000034,False,ok,8.0,mesh_fsdp1_tp4_repeat3,False,128,v5litepod-4,250.5299476695993,cce,8192,168.38104059200032,/tmp/gemma3-270m-cce-mesh-repeat/mesh_fsdp1_tp4_repeat3/mesh_fsdp1_tp4_repeat3_cce_r16_b32_l1024_tc128_vc8192/xla/module_1018.jit__train_step.cl_914450892.after_optimizations-memory-usage-report.txt,5.69,data/gemma3_270m_mesh_cce_repeat/raw/gemma3-270m-cce-mesh-repeat-mesh-repeat-rest/gemma3-270m-cce-mesh-repeat/mesh_fsdp1_tp4_repeat3/mesh_fsdp1_tp4_repeat3_results.csv,3,fsdp1/tp4,b32/L1024,True
False,32,mesh_fsdp4_tp1_repeat3_cce_r16_b32_l1024_tc128_vc8192,True,4,synthetic,False,,0.2171744257211685,25.697171155999968,16,1017.1821456700272,1024,8,1.433031229302287,1.657801133714299,4,1,Gemma3 270M,google/gemma-3-270m-it,,,,/tmp/gemma3-270m-cce-mesh-repeat/mesh_fsdp4_tp1_repeat3/mesh_fsdp4_tp1_repeat3_cce_r16_b32_l1024_tc128_vc8192,66.275719168,67.637338112,1.361618944,1.719635012000026,False,ok,8.0,mesh_fsdp4_tp1_repeat3,False,128,v5litepod-4,2169.483031124077,cce,8192,52.52375187300004,/tmp/gemma3-270m-cce-mesh-repeat/mesh_fsdp4_tp1_repeat3/mesh_fsdp4_tp1_repeat3_cce_r16_b32_l1024_tc128_vc8192/xla/module_0657.jit__train_step.cl_914450892.after_optimizations-memory-usage-report.txt,14.12,data/gemma3_270m_mesh_cce_repeat/raw/gemma3-270m-cce-mesh-repeat-mesh-repeat-rest/gemma3-270m-cce-mesh-repeat/mesh_fsdp4_tp1_repeat3/mesh_fsdp4_tp1_repeat3_results.csv,3,fsdp4/tp1,b32/L1024,True
,32,mesh_fsdp2_tp2_repeat3_default_r16_b32_l1024_tc128_vc8192,,4,synthetic,,compile_oom,,,16,,1024,8,,,2,2,Gemma3 270M,google/gemma-3-270m-it,6.29,15.75,22.04,/tmp/gemma3-270m-cce-mesh-repeat/mesh_fsdp2_tp2_repeat3/mesh_fsdp2_tp2_repeat3_default_r16_b32_l1024_tc128_vc8192,,,,,,failed,,mesh_fsdp2_tp2_repeat3,,128,v5litepod-4,,default,8192,,/tmp/gemma3-270m-cce-mesh-repeat/mesh_fsdp2_tp2_repeat3/mesh_fsdp2_tp2_repeat3_default_r16_b32_l1024_tc128_vc8192/xla/module_0677.jit__train_step.cl_914450892.after_optimizations-memory-usage-report.txt,22.31,data/gemma3_270m_mesh_cce_repeat/raw/gemma3-270m-cce-mesh-repeat-mesh-2x2-repeat/gemma3-270m-cce-mesh-repeat/mesh_fsdp2_tp2_repeat3/mesh_fsdp2_tp2_repeat3_results.csv,3,fsdp2/tp2,b32/L1024,False
False,32,mesh_fsdp1_tp4_repeat3_default_r16_b32_l1024_tc128_vc8192,False,4,synthetic,True,,0.1741435229778289,45.54779506599971,16,252.1585977695813,1024,8,1.4050297662615776,6.687401219714177,1,4,Gemma3 270M,google/gemma-3-270m-it,,,,/tmp/gemma3-270m-cce-mesh-repeat/mesh_fsdp1_tp4_repeat3/mesh_fsdp1_tp4_repeat3_default_r16_b32_l1024_tc128_vc8192,63.394418688,67.637338112,4.242919424,45.489272500999505,False,ok,8.0,mesh_fsdp1_tp4_repeat3,False,128,v5litepod-4,537.8130174048608,default,8192,106.6728828940004,/tmp/gemma3-270m-cce-mesh-repeat/mesh_fsdp1_tp4_repeat3/mesh_fsdp1_tp4_repeat3_default_r16_b32_l1024_tc128_vc8192/xla/module_0979.jit__train_step.cl_914450892.after_optimizations-memory-usage-report.txt,13.48,data/gemma3_270m_mesh_cce_repeat/raw/gemma3-270m-cce-mesh-repeat-mesh-repeat-rest/gemma3-270m-cce-mesh-repeat/mesh_fsdp1_tp4_repeat3/mesh_fsdp1_tp4_repeat3_results.csv,3,fsdp1/tp4,b32/L1024,True
,32,mesh_fsdp4_tp1_repeat3_default_r16_b32_l1024_tc128_vc8192,,4,synthetic,,compile_oom,,,16,,1024,8,,,4,1,Gemma3 270M,google/gemma-3-270m-it,25.7,15.75,41.45,/tmp/gemma3-270m-cce-mesh-repeat/mesh_fsdp4_tp1_repeat3/mesh_fsdp4_tp1_repeat3_default_r16_b32_l1024_tc128_vc8192,,,,,,failed,,mesh_fsdp4_tp1_repeat3,,128,v5litepod-4,,default,8192,,/tmp/gemma3-270m-cce-mesh-repeat/mesh_fsdp4_tp1_repeat3/mesh_fsdp4_tp1_repeat3_default_r16_b32_l1024_tc128_vc8192/xla/module_0657.jit__train_step.cl_914450892.after_optimizations-memory-usage-report.txt,41.72,data/gemma3_270m_mesh_cce_repeat/raw/gemma3-270m-cce-mesh-repeat-mesh-repeat-rest/gemma3-270m-cce-mesh-repeat/mesh_fsdp4_tp1_repeat3/mesh_fsdp4_tp1_repeat3_results.csv,3,fsdp4/tp1,b32/L1024,False
