batch_size,case,chips,dataset_mode,dropped_overlength,failure_type,final_cumulative_loss_tokens,final_cumulative_valid_tokens,final_loss,first_step_time_sec,long_example_policy,lora_rank,loss_tokens_per_sec_excl_first,max_length,max_steps,mean_loss,mean_step_time_sec_excl_first,mesh_fsdp,mesh_tp,model,model_id,oom_exceeded_gib,oom_limit_gib,oom_used_gib,packed_efficiency,packed_rows,packed_rows_used,prepared_batches,row_reduction_x,run_dir,runtime_hbm_limit_gb,runtime_peak_hbm_gb,second_step_time_sec,source_examples_fit,status,steps_recorded,suite,tpu,valid_tokens_per_sec_excl_first,variant,wall_time_sec,xla_report,xla_train_step_gib_per_chip,dataset_label,chip_count
4,alpaca_4chip_b4b8_l1024_2048_unpacked_b4_l1024_s30,4,alpaca,0,,6967,11650,0.5146080851554871,25.932614781999973,drop,16,635.4671894873043,1024,30,1.6381347159544626,0.3668764255516933,4,1,Qwen3 0.6B,Qwen/Qwen3-0.6B,,,,0.090912890625,5000,5000,1250,1.0,/tmp/qwen3-0p6b-packing4-grid/alpaca/alpaca_4chip_b4b8_l1024_2048_unpacked_b4_l1024_s30,67.637338112,2.689849344,0.4442342299998927,5000,ok,30,alpaca_4chip_b4b8_l1024_2048,v5litepod-4,1065.0960200074148,unpacked,47.53659030200015,/tmp/qwen3-0p6b-packing4-grid/alpaca/alpaca_4chip_b4b8_l1024_2048_unpacked_b4_l1024_s30/xla/module_0446.jit__train_step.cl_914450892.after_optimizations-memory-usage-report.txt,13.4,Alpaca,4
4,alpaca_4chip_b4b8_l1024_2048_packed_b4_l1024_s30,4,alpaca,0,,94585,122641,1.6886053085327148,26.176964204999877,drop,16,8567.707419273676,1024,30,1.7392643928527831,0.36696735913792194,4,1,Qwen3 0.6B,Qwen/Qwen3-0.6B,,,,0.9946705757658644,457,456,114,10.940919037199125,/tmp/qwen3-0p6b-packing4-grid/alpaca/alpaca_4chip_b4b8_l1024_2048_packed_b4_l1024_s30,67.637338112,2.707820544,0.44190311400006976,5000,ok,30,alpaca_4chip_b4b8_l1024_2048,v5litepod-4,11140.049328534868,packed,47.61893582100015,/tmp/qwen3-0p6b-packing4-grid/alpaca/alpaca_4chip_b4b8_l1024_2048_packed_b4_l1024_s30/xla/module_0446.jit__train_step.cl_914450892.after_optimizations-memory-usage-report.txt,13.41,Alpaca,4
4,alpaca_4chip_b4b8_l1024_2048_unpacked_b4_l2048_s30,4,alpaca,,compile_oom,,,,,drop,16,nan,2048,30,,nan,4,1,Qwen3 0.6B,Qwen/Qwen3-0.6B,27.64,15.75,43.39,nan,,,,nan,/tmp/qwen3-0p6b-packing4-grid/alpaca/alpaca_4chip_b4b8_l1024_2048_unpacked_b4_l2048_s30,,,,,failed,,alpaca_4chip_b4b8_l1024_2048,v5litepod-4,,unpacked,,/tmp/qwen3-0p6b-packing4-grid/alpaca/alpaca_4chip_b4b8_l1024_2048_unpacked_b4_l2048_s30/xla/module_0446.jit__train_step.cl_914450892.after_optimizations-memory-usage-report.txt,43.98,Alpaca,4
4,alpaca_4chip_b4b8_l1024_2048_packed_b4_l2048_s30,4,alpaca,,compile_oom,,,,,drop,16,nan,2048,30,,nan,4,1,Qwen3 0.6B,Qwen/Qwen3-0.6B,27.64,15.75,43.39,nan,,,,nan,/tmp/qwen3-0p6b-packing4-grid/alpaca/alpaca_4chip_b4b8_l1024_2048_packed_b4_l2048_s30,,,,,failed,,alpaca_4chip_b4b8_l1024_2048,v5litepod-4,,packed,,/tmp/qwen3-0p6b-packing4-grid/alpaca/alpaca_4chip_b4b8_l1024_2048_packed_b4_l2048_s30/xla/module_0446.jit__train_step.cl_914450892.after_optimizations-memory-usage-report.txt,43.99,Alpaca,4
8,alpaca_4chip_b4b8_l1024_2048_unpacked_b8_l1024_s30,4,alpaca,,compile_oom,,,,,drop,16,nan,1024,30,,nan,4,1,Qwen3 0.6B,Qwen/Qwen3-0.6B,14.65,15.75,30.40,nan,,,,nan,/tmp/qwen3-0p6b-packing4-grid/alpaca/alpaca_4chip_b4b8_l1024_2048_unpacked_b8_l1024_s30,,,,,failed,,alpaca_4chip_b4b8_l1024_2048,v5litepod-4,,unpacked,,/tmp/qwen3-0p6b-packing4-grid/alpaca/alpaca_4chip_b4b8_l1024_2048_unpacked_b8_l1024_s30/xla/module_0446.jit__train_step.cl_914450892.after_optimizations-memory-usage-report.txt,30.99,Alpaca,4
8,alpaca_4chip_b4b8_l1024_2048_packed_b8_l1024_s30,4,alpaca,,compile_oom,,,,,drop,16,nan,1024,30,,nan,4,1,Qwen3 0.6B,Qwen/Qwen3-0.6B,14.65,15.75,30.40,nan,,,,nan,/tmp/qwen3-0p6b-packing4-grid/alpaca/alpaca_4chip_b4b8_l1024_2048_packed_b8_l1024_s30,,,,,failed,,alpaca_4chip_b4b8_l1024_2048,v5litepod-4,,packed,,/tmp/qwen3-0p6b-packing4-grid/alpaca/alpaca_4chip_b4b8_l1024_2048_packed_b8_l1024_s30/xla/module_0446.jit__train_step.cl_914450892.after_optimizations-memory-usage-report.txt,31.0,Alpaca,4
8,alpaca_4chip_b4b8_l1024_2048_unpacked_b8_l2048_s30,4,alpaca,,compile_oom,,,,,drop,16,nan,2048,30,,nan,4,1,Qwen3 0.6B,Qwen/Qwen3-0.6B,73.00,15.75,88.74,nan,,,,nan,/tmp/qwen3-0p6b-packing4-grid/alpaca/alpaca_4chip_b4b8_l1024_2048_unpacked_b8_l2048_s30,,,,,failed,,alpaca_4chip_b4b8_l1024_2048,v5litepod-4,,unpacked,,/tmp/qwen3-0p6b-packing4-grid/alpaca/alpaca_4chip_b4b8_l1024_2048_unpacked_b8_l2048_s30/xla/module_0446.jit__train_step.cl_914450892.after_optimizations-memory-usage-report.txt,89.33,Alpaca,4
8,alpaca_4chip_b4b8_l1024_2048_packed_b8_l2048_s30,4,alpaca,,compile_oom,,,,,drop,16,nan,2048,30,,nan,4,1,Qwen3 0.6B,Qwen/Qwen3-0.6B,72.99,15.75,88.74,nan,,,,nan,/tmp/qwen3-0p6b-packing4-grid/alpaca/alpaca_4chip_b4b8_l1024_2048_packed_b8_l2048_s30,,,,,failed,,alpaca_4chip_b4b8_l1024_2048,v5litepod-4,,packed,,/tmp/qwen3-0p6b-packing4-grid/alpaca/alpaca_4chip_b4b8_l1024_2048_packed_b8_l2048_s30/xla/module_0446.jit__train_step.cl_914450892.after_optimizations-memory-usage-report.txt,89.36,Alpaca,4
4,opus100_4chip_b4b8_l1024_2048_unpacked_b4_l1024_s30,4,opus100,0,,1469,5392,2.0017318725585938,25.738861127000007,drop,16,131.65801770027136,1024,30,2.1625520030657452,0.3672000264827567,4,1,Qwen3 0.6B,Qwen/Qwen3-0.6B,,,,0.06410703125,5000,5000,1250,1.0,/tmp/qwen3-0p6b-packing4-grid/opus100/opus100_4chip_b4b8_l1024_2048_unpacked_b4_l1024_s30,67.637338112,2.689849344,0.4406199329999936,5000,ok,30,opus100_4chip_b4b8_l1024_2048,v5litepod-4,486.4397515602038,unpacked,47.09219104699997,/tmp/qwen3-0p6b-packing4-grid/opus100/opus100_4chip_b4b8_l1024_2048_unpacked_b4_l1024_s30/xla/module_0446.jit__train_step.cl_914450892.after_optimizations-memory-usage-report.txt,13.4,OPUS100,4
4,opus100_4chip_b4b8_l1024_2048_packed_b4_l1024_s30,4,opus100,0,,61501,122602,1.5718610286712646,25.539782008999964,drop,16,5596.709038837342,1024,30,1.5839595278104146,0.3671554219999962,4,1,Qwen3 0.6B,Qwen/Qwen3-0.6B,,,,0.9923689047987616,323,320,80,15.479876160990711,/tmp/qwen3-0p6b-packing4-grid/opus100/opus100_4chip_b4b8_l1024_2048_packed_b4_l1024_s30,67.637338112,2.707820544,0.43991747399991254,5000,ok,30,opus100_4chip_b4b8_l1024_2048,v5litepod-4,11130.21079497868,packed,46.975387900999976,/tmp/qwen3-0p6b-packing4-grid/opus100/opus100_4chip_b4b8_l1024_2048_packed_b4_l1024_s30/xla/module_0446.jit__train_step.cl_914450892.after_optimizations-memory-usage-report.txt,13.41,OPUS100,4
4,opus100_4chip_b4b8_l1024_2048_unpacked_b4_l2048_s30,4,opus100,,compile_oom,,,,,drop,16,nan,2048,30,,nan,4,1,Qwen3 0.6B,Qwen/Qwen3-0.6B,27.64,15.75,43.39,nan,,,,nan,/tmp/qwen3-0p6b-packing4-grid/opus100/opus100_4chip_b4b8_l1024_2048_unpacked_b4_l2048_s30,,,,,failed,,opus100_4chip_b4b8_l1024_2048,v5litepod-4,,unpacked,,/tmp/qwen3-0p6b-packing4-grid/opus100/opus100_4chip_b4b8_l1024_2048_unpacked_b4_l2048_s30/xla/module_0446.jit__train_step.cl_914450892.after_optimizations-memory-usage-report.txt,43.98,OPUS100,4
4,opus100_4chip_b4b8_l1024_2048_packed_b4_l2048_s30,4,opus100,,compile_oom,,,,,drop,16,nan,2048,30,,nan,4,1,Qwen3 0.6B,Qwen/Qwen3-0.6B,27.64,15.75,43.39,nan,,,,nan,/tmp/qwen3-0p6b-packing4-grid/opus100/opus100_4chip_b4b8_l1024_2048_packed_b4_l2048_s30,,,,,failed,,opus100_4chip_b4b8_l1024_2048,v5litepod-4,,packed,,/tmp/qwen3-0p6b-packing4-grid/opus100/opus100_4chip_b4b8_l1024_2048_packed_b4_l2048_s30/xla/module_0446.jit__train_step.cl_914450892.after_optimizations-memory-usage-report.txt,43.99,OPUS100,4
8,opus100_4chip_b4b8_l1024_2048_unpacked_b8_l1024_s30,4,opus100,,compile_oom,,,,,drop,16,nan,1024,30,,nan,4,1,Qwen3 0.6B,Qwen/Qwen3-0.6B,14.65,15.75,30.40,nan,,,,nan,/tmp/qwen3-0p6b-packing4-grid/opus100/opus100_4chip_b4b8_l1024_2048_unpacked_b8_l1024_s30,,,,,failed,,opus100_4chip_b4b8_l1024_2048,v5litepod-4,,unpacked,,/tmp/qwen3-0p6b-packing4-grid/opus100/opus100_4chip_b4b8_l1024_2048_unpacked_b8_l1024_s30/xla/module_0446.jit__train_step.cl_914450892.after_optimizations-memory-usage-report.txt,30.99,OPUS100,4
8,opus100_4chip_b4b8_l1024_2048_packed_b8_l1024_s30,4,opus100,,compile_oom,,,,,drop,16,nan,1024,30,,nan,4,1,Qwen3 0.6B,Qwen/Qwen3-0.6B,14.65,15.75,30.40,nan,,,,nan,/tmp/qwen3-0p6b-packing4-grid/opus100/opus100_4chip_b4b8_l1024_2048_packed_b8_l1024_s30,,,,,failed,,opus100_4chip_b4b8_l1024_2048,v5litepod-4,,packed,,/tmp/qwen3-0p6b-packing4-grid/opus100/opus100_4chip_b4b8_l1024_2048_packed_b8_l1024_s30/xla/module_0446.jit__train_step.cl_914450892.after_optimizations-memory-usage-report.txt,31.0,OPUS100,4
8,opus100_4chip_b4b8_l1024_2048_unpacked_b8_l2048_s30,4,opus100,,compile_oom,,,,,drop,16,nan,2048,30,,nan,4,1,Qwen3 0.6B,Qwen/Qwen3-0.6B,73.00,15.75,88.74,nan,,,,nan,/tmp/qwen3-0p6b-packing4-grid/opus100/opus100_4chip_b4b8_l1024_2048_unpacked_b8_l2048_s30,,,,,failed,,opus100_4chip_b4b8_l1024_2048,v5litepod-4,,unpacked,,/tmp/qwen3-0p6b-packing4-grid/opus100/opus100_4chip_b4b8_l1024_2048_unpacked_b8_l2048_s30/xla/module_0446.jit__train_step.cl_914450892.after_optimizations-memory-usage-report.txt,89.33,OPUS100,4
8,opus100_4chip_b4b8_l1024_2048_packed_b8_l2048_s30,4,opus100,,compile_oom,,,,,drop,16,nan,2048,30,,nan,4,1,Qwen3 0.6B,Qwen/Qwen3-0.6B,72.99,15.75,88.74,nan,,,,nan,/tmp/qwen3-0p6b-packing4-grid/opus100/opus100_4chip_b4b8_l1024_2048_packed_b8_l2048_s30,,,,,failed,,opus100_4chip_b4b8_l1024_2048,v5litepod-4,,packed,,/tmp/qwen3-0p6b-packing4-grid/opus100/opus100_4chip_b4b8_l1024_2048_packed_b8_l2048_s30/xla/module_0446.jit__train_step.cl_914450892.after_optimizations-memory-usage-report.txt,89.36,OPUS100,4
4,oasst1_4chip_b4b8_l1024_2048_unpacked_b4_l1024_s30,4,oasst1,27,,21340,27742,3.5107555389404297,25.86121257600007,drop,16,1933.2347365575333,1024,30,2.048617112636566,0.3668855357585581,4,1,Qwen3 0.6B,Qwen/Qwen3-0.6B,,,,0.23444079815718022,4973,4972,1243,1.0,/tmp/qwen3-0p6b-packing4-grid/oasst1/oasst1_4chip_b4b8_l1024_2048_unpacked_b4_l1024_s30,67.637338112,2.689849344,0.44005586299999777,4973,ok,30,oasst1_4chip_b4b8_l1024_2048,v5litepod-4,2512.6694271539254,unpacked,47.32360663699956,/tmp/qwen3-0p6b-packing4-grid/oasst1/oasst1_4chip_b4b8_l1024_2048_unpacked_b4_l1024_s30/xla/module_0446.jit__train_step.cl_914450892.after_optimizations-memory-usage-report.txt,13.4,OASST1,4
4,oasst1_4chip_b4b8_l1024_2048_packed_b4_l1024_s30,4,oasst1,27,,99888,122845,2.228207588195801,25.946376730999873,drop,16,9256.948334030014,1024,30,1.5678533911705017,0.36711659044826306,4,1,Qwen3 0.6B,Qwen/Qwen3-0.6B,,,,0.9988878735539846,1167,1164,291,4.261353898886033,/tmp/qwen3-0p6b-packing4-grid/oasst1/oasst1_4chip_b4b8_l1024_2048_packed_b4_l1024_s30,67.637338112,2.707820544,0.44478468799979964,4973,ok,30,oasst1_4chip_b4b8_l1024_2048,v5litepod-4,11157.218460213502,packed,47.529665561,/tmp/qwen3-0p6b-packing4-grid/oasst1/oasst1_4chip_b4b8_l1024_2048_packed_b4_l1024_s30/xla/module_0446.jit__train_step.cl_914450892.after_optimizations-memory-usage-report.txt,13.41,OASST1,4
4,oasst1_4chip_b4b8_l1024_2048_unpacked_b4_l2048_s30,4,oasst1,,compile_oom,,,,,drop,16,nan,2048,30,,nan,4,1,Qwen3 0.6B,Qwen/Qwen3-0.6B,27.64,15.75,43.39,nan,,,,nan,/tmp/qwen3-0p6b-packing4-grid/oasst1/oasst1_4chip_b4b8_l1024_2048_unpacked_b4_l2048_s30,,,,,failed,,oasst1_4chip_b4b8_l1024_2048,v5litepod-4,,unpacked,,/tmp/qwen3-0p6b-packing4-grid/oasst1/oasst1_4chip_b4b8_l1024_2048_unpacked_b4_l2048_s30/xla/module_0446.jit__train_step.cl_914450892.after_optimizations-memory-usage-report.txt,43.98,OASST1,4
4,oasst1_4chip_b4b8_l1024_2048_packed_b4_l2048_s30,4,oasst1,,compile_oom,,,,,drop,16,nan,2048,30,,nan,4,1,Qwen3 0.6B,Qwen/Qwen3-0.6B,27.64,15.75,43.39,nan,,,,nan,/tmp/qwen3-0p6b-packing4-grid/oasst1/oasst1_4chip_b4b8_l1024_2048_packed_b4_l2048_s30,,,,,failed,,oasst1_4chip_b4b8_l1024_2048,v5litepod-4,,packed,,/tmp/qwen3-0p6b-packing4-grid/oasst1/oasst1_4chip_b4b8_l1024_2048_packed_b4_l2048_s30/xla/module_0446.jit__train_step.cl_914450892.after_optimizations-memory-usage-report.txt,43.99,OASST1,4
8,oasst1_4chip_b4b8_l1024_2048_unpacked_b8_l1024_s30,4,oasst1,,compile_oom,,,,,drop,16,nan,1024,30,,nan,4,1,Qwen3 0.6B,Qwen/Qwen3-0.6B,14.65,15.75,30.40,nan,,,,nan,/tmp/qwen3-0p6b-packing4-grid/oasst1/oasst1_4chip_b4b8_l1024_2048_unpacked_b8_l1024_s30,,,,,failed,,oasst1_4chip_b4b8_l1024_2048,v5litepod-4,,unpacked,,/tmp/qwen3-0p6b-packing4-grid/oasst1/oasst1_4chip_b4b8_l1024_2048_unpacked_b8_l1024_s30/xla/module_0446.jit__train_step.cl_914450892.after_optimizations-memory-usage-report.txt,30.99,OASST1,4
4,alpaca_b4b8_l512_2048_unpacked_b4_l512_s50,1,alpaca,1,,9713,17821,1.7373735904693604,36.23531098700005,drop,16,2644.8570049885757,512,50,1.5595463812351227,0.07335761736733415,1,1,Qwen3 0.6B,Qwen/Qwen3-0.6B,,,,0.18158980309247397,4999,4996,1249,1.0,/tmp/qwen3-0p6b-packing-grid/alpaca/alpaca_b4b8_l512_2048_unpacked_b4_l512_s50,16.909336064,2.901010432,0.16081727699997828,4999,ok,50,alpaca_b4b8_l512_2048,v5litepod-1,4869.3522834032865,unpacked,50.24081892999993,/tmp/qwen3-0p6b-packing-grid/alpaca/alpaca_b4b8_l512_2048_unpacked_b4_l512_s50/xla/module_0429.jit__train_step.cl_914450892.after_optimizations-memory-usage-report.txt,8.4,Alpaca,1
4,alpaca_b4b8_l512_2048_packed_b4_l512_s50,1,alpaca,1,,79905,102249,1.852150559425354,35.7761198149999,drop,16,21671.767041715517,512,50,1.7359421014785767,0.0735999428775822,1,1,Qwen3 0.6B,Qwen/Qwen3-0.6B,,,,0.9900533328789531,917,916,229,5.451472191930208,/tmp/qwen3-0p6b-packing-grid/alpaca/alpaca_b4b8_l512_2048_packed_b4_l512_s50,16.909336064,2.902052864,0.15985037299992655,4999,ok,50,alpaca_b4b8_l512_2048,v5litepod-1,27787.565932052625,packed,49.57042915399984,/tmp/qwen3-0p6b-packing-grid/alpaca/alpaca_b4b8_l512_2048_packed_b4_l512_s50/xla/module_0429.jit__train_step.cl_914450892.after_optimizations-memory-usage-report.txt,8.4,Alpaca,1
4,alpaca_b4b8_l512_2048_unpacked_b4_l1024_s50,1,alpaca,,compile_oom,,,,,drop,16,nan,1024,50,,nan,1,1,Qwen3 0.6B,Qwen/Qwen3-0.6B,,,,nan,,,,nan,/tmp/qwen3-0p6b-packing-grid/alpaca/alpaca_b4b8_l512_2048_unpacked_b4_l1024_s50,,,,,failed,,alpaca_b4b8_l512_2048,v5litepod-1,,unpacked,,/tmp/qwen3-0p6b-packing-grid/alpaca/alpaca_b4b8_l512_2048_unpacked_b4_l1024_s50/xla/module_0429.jit__train_step.cl_914450892.after_optimizations-memory-usage-report.txt,16.15,Alpaca,1
4,alpaca_b4b8_l512_2048_packed_b4_l1024_s50,1,alpaca,,compile_oom,,,,,drop,16,nan,1024,50,,nan,1,1,Qwen3 0.6B,Qwen/Qwen3-0.6B,,,,nan,,,,nan,/tmp/qwen3-0p6b-packing-grid/alpaca/alpaca_b4b8_l512_2048_packed_b4_l1024_s50,,,,,failed,,alpaca_b4b8_l512_2048,v5litepod-1,,packed,,/tmp/qwen3-0p6b-packing-grid/alpaca/alpaca_b4b8_l512_2048_packed_b4_l1024_s50/xla/module_0429.jit__train_step.cl_914450892.after_optimizations-memory-usage-report.txt,16.15,Alpaca,1
4,alpaca_b4b8_l512_2048_unpacked_b4_l2048_s50,1,alpaca,,compile_oom,,,,,drop,16,nan,2048,50,,nan,1,1,Qwen3 0.6B,Qwen/Qwen3-0.6B,27.39,15.75,43.13,nan,,,,nan,/tmp/qwen3-0p6b-packing-grid/alpaca/alpaca_b4b8_l512_2048_unpacked_b4_l2048_s50,,,,,failed,,alpaca_b4b8_l512_2048,v5litepod-1,,unpacked,,/tmp/qwen3-0p6b-packing-grid/alpaca/alpaca_b4b8_l512_2048_unpacked_b4_l2048_s50/xla/module_0429.jit__train_step.cl_914450892.after_optimizations-memory-usage-report.txt,45.4,Alpaca,1
4,alpaca_b4b8_l512_2048_packed_b4_l2048_s50,1,alpaca,,compile_oom,,,,,drop,16,nan,2048,50,,nan,1,1,Qwen3 0.6B,Qwen/Qwen3-0.6B,27.39,15.75,43.13,nan,,,,nan,/tmp/qwen3-0p6b-packing-grid/alpaca/alpaca_b4b8_l512_2048_packed_b4_l2048_s50,,,,,failed,,alpaca_b4b8_l512_2048,v5litepod-1,,packed,,/tmp/qwen3-0p6b-packing-grid/alpaca/alpaca_b4b8_l512_2048_packed_b4_l2048_s50/xla/module_0429.jit__train_step.cl_914450892.after_optimizations-memory-usage-report.txt,45.41,Alpaca,1
8,alpaca_b4b8_l512_2048_unpacked_b8_l512_s50,1,alpaca,1,,19831,35742,1.9582641124725342,28.68566321199978,drop,16,2110.146409067643,512,50,1.6805356860160827,0.1857981146734866,1,1,Qwen3 0.6B,Qwen/Qwen3-0.6B,,,,0.18142230694110578,4999,4992,624,1.0,/tmp/qwen3-0p6b-packing-grid/alpaca/alpaca_b4b8_l512_2048_unpacked_b8_l512_s50,16.909336064,2.477942784,0.467062722999799,4999,ok,50,alpaca_b4b8_l512_2048,v5litepod-1,3828.8211715829425,unpacked,47.86188666199996,/tmp/qwen3-0p6b-packing-grid/alpaca/alpaca_b4b8_l512_2048_unpacked_b8_l512_s50/xla/module_0429.jit__train_step.cl_914450892.after_optimizations-memory-usage-report.txt,14.32,Alpaca,1
8,alpaca_b4b8_l512_2048_packed_b8_l512_s50,1,alpaca,1,,150529,204136,1.6822932958602905,28.209369484000035,drop,16,16511.504981105372,512,50,1.7030115079879762,0.1817767772653014,1,1,Qwen3 0.6B,Qwen/Qwen3-0.6B,,,,0.9900533328789531,917,912,114,5.451472191930208,/tmp/qwen3-0p6b-packing-grid/alpaca/alpaca_b4b8_l512_2048_packed_b8_l512_s50,16.909336064,2.472162304,0.2639323080002214,4999,ok,50,alpaca_b4b8_l512_2048,v5litepod-1,22459.931015238373,packed,47.13902075099986,/tmp/qwen3-0p6b-packing-grid/alpaca/alpaca_b4b8_l512_2048_packed_b8_l512_s50/xla/module_0429.jit__train_step.cl_914450892.after_optimizations-memory-usage-report.txt,14.32,Alpaca,1
8,alpaca_b4b8_l512_2048_unpacked_b8_l1024_s50,1,alpaca,,compile_oom,,,,,drop,16,nan,1024,50,,nan,1,1,Qwen3 0.6B,Qwen/Qwen3-0.6B,12.99,15.75,28.74,nan,,,,nan,/tmp/qwen3-0p6b-packing-grid/alpaca/alpaca_b4b8_l512_2048_unpacked_b8_l1024_s50,,,,,failed,,alpaca_b4b8_l512_2048,v5litepod-1,,unpacked,,/tmp/qwen3-0p6b-packing-grid/alpaca/alpaca_b4b8_l512_2048_unpacked_b8_l1024_s50/xla/module_0429.jit__train_step.cl_914450892.after_optimizations-memory-usage-report.txt,31.0,Alpaca,1
8,alpaca_b4b8_l512_2048_packed_b8_l1024_s50,1,alpaca,,compile_oom,,,,,drop,16,nan,1024,50,,nan,1,1,Qwen3 0.6B,Qwen/Qwen3-0.6B,12.99,15.75,28.74,nan,,,,nan,/tmp/qwen3-0p6b-packing-grid/alpaca/alpaca_b4b8_l512_2048_packed_b8_l1024_s50,,,,,failed,,alpaca_b4b8_l512_2048,v5litepod-1,,packed,,/tmp/qwen3-0p6b-packing-grid/alpaca/alpaca_b4b8_l512_2048_packed_b8_l1024_s50/xla/module_0429.jit__train_step.cl_914450892.after_optimizations-memory-usage-report.txt,31.01,Alpaca,1
8,alpaca_b4b8_l512_2048_unpacked_b8_l2048_s50,1,alpaca,,compile_oom,,,,,drop,16,nan,2048,50,,nan,1,1,Qwen3 0.6B,Qwen/Qwen3-0.6B,71.44,15.75,87.19,nan,,,,nan,/tmp/qwen3-0p6b-packing-grid/alpaca/alpaca_b4b8_l512_2048_unpacked_b8_l2048_s50,,,,,failed,,alpaca_b4b8_l512_2048,v5litepod-1,,unpacked,,/tmp/qwen3-0p6b-packing-grid/alpaca/alpaca_b4b8_l512_2048_unpacked_b8_l2048_s50/xla/module_0429.jit__train_step.cl_914450892.after_optimizations-memory-usage-report.txt,89.46,Alpaca,1
8,alpaca_b4b8_l512_2048_packed_b8_l2048_s50,1,alpaca,,compile_oom,,,,,drop,16,nan,2048,50,,nan,1,1,Qwen3 0.6B,Qwen/Qwen3-0.6B,71.44,15.75,87.19,nan,,,,nan,/tmp/qwen3-0p6b-packing-grid/alpaca/alpaca_b4b8_l512_2048_packed_b8_l2048_s50,,,,,failed,,alpaca_b4b8_l512_2048,v5litepod-1,,packed,,/tmp/qwen3-0p6b-packing-grid/alpaca/alpaca_b4b8_l512_2048_packed_b8_l2048_s50/xla/module_0429.jit__train_step.cl_914450892.after_optimizations-memory-usage-report.txt,89.48,Alpaca,1
4,opus100_b4b8_l512_2048_unpacked_b4_l512_s50,1,opus100,3,,2416,8950,1.3235417604446411,35.78819783199998,drop,16,660.9468513731962,512,50,1.9358004891872407,0.07253045446938061,1,1,Qwen3 0.6B,Qwen/Qwen3-0.6B,,,,0.12746408063951162,4997,4996,1249,1.0,/tmp/qwen3-0p6b-packing-grid/opus100/opus100_b4b8_l512_2048_unpacked_b4_l512_s50,16.909336064,2.901010432,0.1162847319999969,4997,ok,50,opus100_b4b8_l512_2048,v5litepod-1,2458.6435024687053,unpacked,51.719289715,/tmp/qwen3-0p6b-packing-grid/opus100/opus100_b4b8_l512_2048_unpacked_b4_l512_s50/xla/module_0429.jit__train_step.cl_914450892.after_optimizations-memory-usage-report.txt,8.4,OPUS100,1
4,opus100_b4b8_l512_2048_packed_b4_l512_s50,1,opus100,3,,51811,101998,1.460111379623413,35.183461144000034,drop,16,14041.398685254793,512,50,1.5619678688049317,0.07361467930612592,1,1,Qwen3 0.6B,Qwen/Qwen3-0.6B,,,,0.9891395331909938,644,644,161,7.759316770186335,/tmp/qwen3-0p6b-packing-grid/opus100/opus100_b4b8_l512_2048_packed_b4_l512_s50,16.909336064,2.902052864,0.15804312300008405,4997,ok,50,opus100_b4b8_l512_2048,v5litepod-1,27709.09195820681,packed,49.19925799700002,/tmp/qwen3-0p6b-packing-grid/opus100/opus100_b4b8_l512_2048_packed_b4_l512_s50/xla/module_0429.jit__train_step.cl_914450892.after_optimizations-memory-usage-report.txt,8.4,OPUS100,1
4,opus100_b4b8_l512_2048_unpacked_b4_l1024_s50,1,opus100,,compile_oom,,,,,drop,16,nan,1024,50,,nan,1,1,Qwen3 0.6B,Qwen/Qwen3-0.6B,,,,nan,,,,nan,/tmp/qwen3-0p6b-packing-grid/opus100/opus100_b4b8_l512_2048_unpacked_b4_l1024_s50,,,,,failed,,opus100_b4b8_l512_2048,v5litepod-1,,unpacked,,/tmp/qwen3-0p6b-packing-grid/opus100/opus100_b4b8_l512_2048_unpacked_b4_l1024_s50/xla/module_0429.jit__train_step.cl_914450892.after_optimizations-memory-usage-report.txt,16.15,OPUS100,1
4,opus100_b4b8_l512_2048_packed_b4_l1024_s50,1,opus100,,compile_oom,,,,,drop,16,nan,1024,50,,nan,1,1,Qwen3 0.6B,Qwen/Qwen3-0.6B,,,,nan,,,,nan,/tmp/qwen3-0p6b-packing-grid/opus100/opus100_b4b8_l512_2048_packed_b4_l1024_s50,,,,,failed,,opus100_b4b8_l512_2048,v5litepod-1,,packed,,/tmp/qwen3-0p6b-packing-grid/opus100/opus100_b4b8_l512_2048_packed_b4_l1024_s50/xla/module_0429.jit__train_step.cl_914450892.after_optimizations-memory-usage-report.txt,16.15,OPUS100,1
4,opus100_b4b8_l512_2048_unpacked_b4_l2048_s50,1,opus100,,compile_oom,,,,,drop,16,nan,2048,50,,nan,1,1,Qwen3 0.6B,Qwen/Qwen3-0.6B,27.39,15.75,43.13,nan,,,,nan,/tmp/qwen3-0p6b-packing-grid/opus100/opus100_b4b8_l512_2048_unpacked_b4_l2048_s50,,,,,failed,,opus100_b4b8_l512_2048,v5litepod-1,,unpacked,,/tmp/qwen3-0p6b-packing-grid/opus100/opus100_b4b8_l512_2048_unpacked_b4_l2048_s50/xla/module_0429.jit__train_step.cl_914450892.after_optimizations-memory-usage-report.txt,45.4,OPUS100,1
4,opus100_b4b8_l512_2048_packed_b4_l2048_s50,1,opus100,,compile_oom,,,,,drop,16,nan,2048,50,,nan,1,1,Qwen3 0.6B,Qwen/Qwen3-0.6B,27.39,15.75,43.13,nan,,,,nan,/tmp/qwen3-0p6b-packing-grid/opus100/opus100_b4b8_l512_2048_packed_b4_l2048_s50,,,,,failed,,opus100_b4b8_l512_2048,v5litepod-1,,packed,,/tmp/qwen3-0p6b-packing-grid/opus100/opus100_b4b8_l512_2048_packed_b4_l2048_s50/xla/module_0429.jit__train_step.cl_914450892.after_optimizations-memory-usage-report.txt,45.41,OPUS100,1
8,opus100_b4b8_l512_2048_unpacked_b8_l512_s50,1,opus100,3,,4733,17747,2.3835551738739014,29.92975422400002,drop,16,521.294037333734,512,50,1.8167677736282348,0.18180816087755494,1,1,Qwen3 0.6B,Qwen/Qwen3-0.6B,,,,0.12749344263321313,4997,4992,624,1.0,/tmp/qwen3-0p6b-packing-grid/opus100/opus100_b4b8_l512_2048_unpacked_b8_l512_s50,16.909336064,2.499104768,0.2656560890000037,4997,ok,50,opus100_b4b8_l512_2048,v5litepod-1,1952.2708650534669,unpacked,49.22230080899999,/tmp/qwen3-0p6b-packing-grid/opus100/opus100_b4b8_l512_2048_unpacked_b8_l512_s50/xla/module_0429.jit__train_step.cl_914450892.after_optimizations-memory-usage-report.txt,14.32,OPUS100,1
8,opus100_b4b8_l512_2048_packed_b8_l512_s50,1,opus100,3,,93741,203662,1.5598899126052856,29.253076212999986,drop,16,10261.69139668346,512,50,1.5910821104049682,0.1819030197755229,1,1,Qwen3 0.6B,Qwen/Qwen3-0.6B,,,,0.9891395331909938,644,640,80,7.759316770186335,/tmp/qwen3-0p6b-packing-grid/opus100/opus100_b4b8_l512_2048_packed_b8_l512_s50,16.909336064,2.490599424,0.26789372500002173,4997,ok,50,opus100_b4b8_l512_2048,v5litepod-1,22389.81802077878,packed,48.59834609199993,/tmp/qwen3-0p6b-packing-grid/opus100/opus100_b4b8_l512_2048_packed_b8_l512_s50/xla/module_0429.jit__train_step.cl_914450892.after_optimizations-memory-usage-report.txt,14.32,OPUS100,1
8,opus100_b4b8_l512_2048_unpacked_b8_l1024_s50,1,opus100,,compile_oom,,,,,drop,16,nan,1024,50,,nan,1,1,Qwen3 0.6B,Qwen/Qwen3-0.6B,12.99,15.75,28.74,nan,,,,nan,/tmp/qwen3-0p6b-packing-grid/opus100/opus100_b4b8_l512_2048_unpacked_b8_l1024_s50,,,,,failed,,opus100_b4b8_l512_2048,v5litepod-1,,unpacked,,/tmp/qwen3-0p6b-packing-grid/opus100/opus100_b4b8_l512_2048_unpacked_b8_l1024_s50/xla/module_0429.jit__train_step.cl_914450892.after_optimizations-memory-usage-report.txt,31.0,OPUS100,1
8,opus100_b4b8_l512_2048_packed_b8_l1024_s50,1,opus100,,compile_oom,,,,,drop,16,nan,1024,50,,nan,1,1,Qwen3 0.6B,Qwen/Qwen3-0.6B,12.99,15.75,28.74,nan,,,,nan,/tmp/qwen3-0p6b-packing-grid/opus100/opus100_b4b8_l512_2048_packed_b8_l1024_s50,,,,,failed,,opus100_b4b8_l512_2048,v5litepod-1,,packed,,/tmp/qwen3-0p6b-packing-grid/opus100/opus100_b4b8_l512_2048_packed_b8_l1024_s50/xla/module_0429.jit__train_step.cl_914450892.after_optimizations-memory-usage-report.txt,31.01,OPUS100,1
8,opus100_b4b8_l512_2048_unpacked_b8_l2048_s50,1,opus100,,compile_oom,,,,,drop,16,nan,2048,50,,nan,1,1,Qwen3 0.6B,Qwen/Qwen3-0.6B,71.44,15.75,87.19,nan,,,,nan,/tmp/qwen3-0p6b-packing-grid/opus100/opus100_b4b8_l512_2048_unpacked_b8_l2048_s50,,,,,failed,,opus100_b4b8_l512_2048,v5litepod-1,,unpacked,,/tmp/qwen3-0p6b-packing-grid/opus100/opus100_b4b8_l512_2048_unpacked_b8_l2048_s50/xla/module_0429.jit__train_step.cl_914450892.after_optimizations-memory-usage-report.txt,89.46,OPUS100,1
8,opus100_b4b8_l512_2048_packed_b8_l2048_s50,1,opus100,,compile_oom,,,,,drop,16,nan,2048,50,,nan,1,1,Qwen3 0.6B,Qwen/Qwen3-0.6B,71.44,15.75,87.19,nan,,,,nan,/tmp/qwen3-0p6b-packing-grid/opus100/opus100_b4b8_l512_2048_packed_b8_l2048_s50,,,,,failed,,opus100_b4b8_l512_2048,v5litepod-1,,packed,,/tmp/qwen3-0p6b-packing-grid/opus100/opus100_b4b8_l512_2048_packed_b8_l2048_s50/xla/module_0429.jit__train_step.cl_914450892.after_optimizations-memory-usage-report.txt,89.48,OPUS100,1
4,oasst1_b4b8_l512_2048_unpacked_b4_l512_s50,1,oasst1,373,,30746,40349,2.3839471340179443,35.332889499999965,drop,16,8344.004939856633,512,50,2.0211301720142365,0.0733142775306245,1,1,Qwen3 0.6B,Qwen/Qwen3-0.6B,,,,0.4094567744377163,4627,4624,1156,1.0,/tmp/qwen3-0p6b-packing-grid/oasst1/oasst1_b4b8_l512_2048_unpacked_b4_l512_s50,16.909336064,2.901010432,0.158224890999918,4627,ok,50,oasst1_b4b8_l512_2048,v5litepod-1,10951.175924567133,unpacked,49.3643197260003,/tmp/qwen3-0p6b-packing-grid/oasst1/oasst1_b4b8_l512_2048_unpacked_b4_l512_s50/xla/module_0429.jit__train_step.cl_914450892.after_optimizations-memory-usage-report.txt,8.4,OASST1,1
4,oasst1_b4b8_l512_2048_packed_b4_l512_s50,1,oasst1,373,,84714,101484,2.7494356632232666,35.632783134999954,drop,16,23330.330308371653,512,50,1.5588088846206665,0.07250437512242087,1,1,Qwen3 0.6B,Qwen/Qwen3-0.6B,,,,0.9974688569641916,1899,1896,474,2.436545550289626,/tmp/qwen3-0p6b-packing-grid/oasst1/oasst1_b4b8_l512_2048_packed_b4_l512_s50,16.909336064,2.902052864,0.1138141640003596,4627,ok,50,oasst1_b4b8_l512_2048,v5litepod-1,27989.303202034847,packed,49.071777646999635,/tmp/qwen3-0p6b-packing-grid/oasst1/oasst1_b4b8_l512_2048_packed_b4_l512_s50/xla/module_0429.jit__train_step.cl_914450892.after_optimizations-memory-usage-report.txt,8.4,OASST1,1
4,oasst1_b4b8_l512_2048_unpacked_b4_l1024_s50,1,oasst1,,compile_oom,,,,,drop,16,nan,1024,50,,nan,1,1,Qwen3 0.6B,Qwen/Qwen3-0.6B,,,,nan,,,,nan,/tmp/qwen3-0p6b-packing-grid/oasst1/oasst1_b4b8_l512_2048_unpacked_b4_l1024_s50,,,,,failed,,oasst1_b4b8_l512_2048,v5litepod-1,,unpacked,,/tmp/qwen3-0p6b-packing-grid/oasst1/oasst1_b4b8_l512_2048_unpacked_b4_l1024_s50/xla/module_0429.jit__train_step.cl_914450892.after_optimizations-memory-usage-report.txt,16.15,OASST1,1
4,oasst1_b4b8_l512_2048_packed_b4_l1024_s50,1,oasst1,,compile_oom,,,,,drop,16,nan,1024,50,,nan,1,1,Qwen3 0.6B,Qwen/Qwen3-0.6B,,,,nan,,,,nan,/tmp/qwen3-0p6b-packing-grid/oasst1/oasst1_b4b8_l512_2048_packed_b4_l1024_s50,,,,,failed,,oasst1_b4b8_l512_2048,v5litepod-1,,packed,,/tmp/qwen3-0p6b-packing-grid/oasst1/oasst1_b4b8_l512_2048_packed_b4_l1024_s50/xla/module_0429.jit__train_step.cl_914450892.after_optimizations-memory-usage-report.txt,16.15,OASST1,1
4,oasst1_b4b8_l512_2048_unpacked_b4_l2048_s50,1,oasst1,,compile_oom,,,,,drop,16,nan,2048,50,,nan,1,1,Qwen3 0.6B,Qwen/Qwen3-0.6B,27.39,15.75,43.13,nan,,,,nan,/tmp/qwen3-0p6b-packing-grid/oasst1/oasst1_b4b8_l512_2048_unpacked_b4_l2048_s50,,,,,failed,,oasst1_b4b8_l512_2048,v5litepod-1,,unpacked,,/tmp/qwen3-0p6b-packing-grid/oasst1/oasst1_b4b8_l512_2048_unpacked_b4_l2048_s50/xla/module_0429.jit__train_step.cl_914450892.after_optimizations-memory-usage-report.txt,45.4,OASST1,1
4,oasst1_b4b8_l512_2048_packed_b4_l2048_s50,1,oasst1,,compile_oom,,,,,drop,16,nan,2048,50,,nan,1,1,Qwen3 0.6B,Qwen/Qwen3-0.6B,27.39,15.75,43.13,nan,,,,nan,/tmp/qwen3-0p6b-packing-grid/oasst1/oasst1_b4b8_l512_2048_packed_b4_l2048_s50,,,,,failed,,oasst1_b4b8_l512_2048,v5litepod-1,,packed,,/tmp/qwen3-0p6b-packing-grid/oasst1/oasst1_b4b8_l512_2048_packed_b4_l2048_s50/xla/module_0429.jit__train_step.cl_914450892.after_optimizations-memory-usage-report.txt,45.41,OASST1,1
8,oasst1_b4b8_l512_2048_unpacked_b8_l512_s50,1,oasst1,373,,59388,77815,1.4592909812927246,29.000325589000113,drop,16,6498.368785485561,512,50,1.9223566675186157,0.18185411463263318,1,1,Qwen3 0.6B,Qwen/Qwen3-0.6B,,,,0.4094567744377163,4627,4624,578,1.0,/tmp/qwen3-0p6b-packing-grid/oasst1/oasst1_b4b8_l512_2048_unpacked_b8_l512_s50,16.909336064,2.490599424,0.26489540600005057,4627,ok,50,oasst1_b4b8_l512_2048,v5litepod-1,8512.093261131486,unpacked,47.99121997100019,/tmp/qwen3-0p6b-packing-grid/oasst1/oasst1_b4b8_l512_2048_unpacked_b8_l512_s50/xla/module_0429.jit__train_step.cl_914450892.after_optimizations-memory-usage-report.txt,14.32,OASST1,1
8,oasst1_b4b8_l512_2048_packed_b8_l512_s50,1,oasst1,373,,165459,203884,1.881701946258545,28.80473454999992,drop,16,18143.33524038453,512,50,1.6234441113471985,0.18202332483669847,1,1,Qwen3 0.6B,Qwen/Qwen3-0.6B,,,,0.9974688569641916,1899,1896,237,2.436545550289626,/tmp/qwen3-0p6b-packing-grid/oasst1/oasst1_b4b8_l512_2048_packed_b8_l512_s50,16.909336064,2.479409152,0.26906502800011367,4627,ok,50,oasst1_b4b8_l512_2048,v5litepod-1,22401.367694110664,packed,47.68607541499978,/tmp/qwen3-0p6b-packing-grid/oasst1/oasst1_b4b8_l512_2048_packed_b8_l512_s50/xla/module_0429.jit__train_step.cl_914450892.after_optimizations-memory-usage-report.txt,14.32,OASST1,1
8,oasst1_b4b8_l512_2048_unpacked_b8_l1024_s50,1,oasst1,,compile_oom,,,,,drop,16,nan,1024,50,,nan,1,1,Qwen3 0.6B,Qwen/Qwen3-0.6B,12.99,15.75,28.74,nan,,,,nan,/tmp/qwen3-0p6b-packing-grid/oasst1/oasst1_b4b8_l512_2048_unpacked_b8_l1024_s50,,,,,failed,,oasst1_b4b8_l512_2048,v5litepod-1,,unpacked,,/tmp/qwen3-0p6b-packing-grid/oasst1/oasst1_b4b8_l512_2048_unpacked_b8_l1024_s50/xla/module_0429.jit__train_step.cl_914450892.after_optimizations-memory-usage-report.txt,31.0,OASST1,1
