activation_policy_installed,batch_size,case,cce_installed,chips,dataset_mode,default_ce,final_loss,first_step_time_sec,lora_rank,loss_tokens_per_sec_excl_first,max_length,max_steps,mean_loss,mean_step_time_sec_excl_first,mesh_fsdp,mesh_tp,model,model_id,run_dir,runtime_hbm_headroom_gb,runtime_hbm_limit_gb,runtime_peak_hbm_gb,second_step_time_sec,splash_attention_installed,status,steps_recorded,suite,tiled_mlp_installed,token_chunk,tpu,valid_tokens_per_sec_excl_first,variant,vocab_chunk,wall_time_sec,xla_report,xla_train_step_gib_per_chip,source_csv,failure_type,oom_exceeded_gib,oom_limit_gib,oom_used_gib,ok,mesh,variant_label,model_order
False,4,focused_chunk_fsdp8_tp1_cce_r16_b4_l1024_tc128_vc8192,True,8,synthetic,False,0.8949518799781799,66.47778348599968,16,328.6220523198374,1024,4,2.333842560648918,0.6268599400003344,8,1,Gemma3 4B,google/gemma-3-4b-it,/tmp/gemma-cce-4b-focused/focused_chunk_fsdp8_tp1/focused_chunk_fsdp8_tp1_cce_r16_b4_l1024_tc128_vc8192,117.536687616,135.27465984,17.737972224,0.8951910430005228,False,ok,4.0,focused_chunk_fsdp8_tp1,False,128,v5litepod-8,701.911179712274,cce,8192,95.53068579799948,/tmp/gemma-cce-4b-focused/focused_chunk_fsdp8_tp1/focused_chunk_fsdp8_tp1_cce_r16_b4_l1024_tc128_vc8192/xla/module_0676.jit__train_step.cl_914450892.after_optimizations-memory-usage-report.txt,15.04,data/gemma_4b_e4b_cce_transfer/raw/gemma-cce-4b-focused-eightchip-chunk-fsdp8/gemma-cce-4b-focused/focused_chunk_fsdp8_tp1/focused_chunk_fsdp8_tp1_results.csv,,,,,True,fsdp8/tp1,CCE,0
False,4,focused_chunk_fsdp8_tp1_cce_r16_b4_l1024_tc128_vc16384,True,8,synthetic,False,0.8962388634681702,64.88160291799977,16,336.5696465448452,1024,4,2.335373029112816,0.6120575700000094,8,1,Gemma3 4B,google/gemma-3-4b-it,/tmp/gemma-cce-4b-focused/focused_chunk_fsdp8_tp1/focused_chunk_fsdp8_tp1_cce_r16_b4_l1024_tc128_vc16384,117.477259264,135.27465984,17.797400576,0.7065620630000922,False,ok,4.0,focused_chunk_fsdp8_tp1,False,128,v5litepod-8,718.8866236880189,cce,16384,111.76953193400004,/tmp/gemma-cce-4b-focused/focused_chunk_fsdp8_tp1/focused_chunk_fsdp8_tp1_cce_r16_b4_l1024_tc128_vc16384/xla/module_0676.jit__train_step.cl_914450892.after_optimizations-memory-usage-report.txt,14.93,data/gemma_4b_e4b_cce_transfer/raw/gemma-cce-4b-focused-eightchip-chunk-fsdp8/gemma-cce-4b-focused/focused_chunk_fsdp8_tp1/focused_chunk_fsdp8_tp1_results.csv,,,,,True,fsdp8/tp1,CCE,0
False,4,focused_chunk_fsdp8_tp1_cce_r16_b4_l1024_tc128_vc32768,True,8,synthetic,False,0.8930462002754211,64.44291025299935,16,340.43583270694313,1024,4,2.332240268588066,0.6051066903328319,8,1,Gemma3 4B,google/gemma-3-4b-it,/tmp/gemma-cce-4b-focused/focused_chunk_fsdp8_tp1/focused_chunk_fsdp8_tp1_cce_r16_b4_l1024_tc128_vc32768,117.394002432,135.27465984,17.880657408,0.7026291439997294,False,ok,4.0,focused_chunk_fsdp8_tp1,False,128,v5litepod-8,727.1444970439561,cce,32768,92.19522454499928,/tmp/gemma-cce-4b-focused/focused_chunk_fsdp8_tp1/focused_chunk_fsdp8_tp1_cce_r16_b4_l1024_tc128_vc32768/xla/module_0676.jit__train_step.cl_914450892.after_optimizations-memory-usage-report.txt,14.93,data/gemma_4b_e4b_cce_transfer/raw/gemma-cce-4b-focused-eightchip-chunk-fsdp8/gemma-cce-4b-focused/focused_chunk_fsdp8_tp1/focused_chunk_fsdp8_tp1_results.csv,,,,,True,fsdp8/tp1,CCE,0
False,4,focused_chunk_fsdp8_tp1_cce_r16_b4_l1024_tc128_vc65536,True,8,synthetic,False,0.8974515199661255,65.5474954399997,16,341.9132645913225,1024,4,2.33645823597908,0.6024919806671581,8,1,Gemma3 4B,google/gemma-3-4b-it,/tmp/gemma-cce-4b-focused/focused_chunk_fsdp8_tp1/focused_chunk_fsdp8_tp1_cce_r16_b4_l1024_tc128_vc65536,117.382387712,135.27465984,17.892272128,0.7009616640007152,False,ok,4.0,focused_chunk_fsdp8_tp1,False,128,v5litepod-8,730.3001767969995,cce,65536,103.9163998490003,/tmp/gemma-cce-4b-focused/focused_chunk_fsdp8_tp1/focused_chunk_fsdp8_tp1_cce_r16_b4_l1024_tc128_vc65536/xla/module_0676.jit__train_step.cl_914450892.after_optimizations-memory-usage-report.txt,14.93,data/gemma_4b_e4b_cce_transfer/raw/gemma-cce-4b-focused-eightchip-chunk-fsdp8/gemma-cce-4b-focused/focused_chunk_fsdp8_tp1/focused_chunk_fsdp8_tp1_results.csv,,,,,True,fsdp8/tp1,CCE,0
False,4,focused_chunk_fsdp8_tp1_cce_r16_b4_l1024_tc256_vc8192,True,8,synthetic,False,0.900346577167511,65.14101578199916,16,340.7658331640238,1024,4,2.335708424448967,0.6045206999988295,8,1,Gemma3 4B,google/gemma-3-4b-it,/tmp/gemma-cce-4b-focused/focused_chunk_fsdp8_tp1/focused_chunk_fsdp8_tp1_cce_r16_b4_l1024_tc256_vc8192,117.498558976,135.27465984,17.776100864,0.7019323539989273,False,ok,4.0,focused_chunk_fsdp8_tp1,False,256,v5litepod-8,727.8493523891769,cce,8192,98.25330849400052,/tmp/gemma-cce-4b-focused/focused_chunk_fsdp8_tp1/focused_chunk_fsdp8_tp1_cce_r16_b4_l1024_tc256_vc8192/xla/module_0676.jit__train_step.cl_914450892.after_optimizations-memory-usage-report.txt,14.93,data/gemma_4b_e4b_cce_transfer/raw/gemma-cce-4b-focused-eightchip-chunk-fsdp8/gemma-cce-4b-focused/focused_chunk_fsdp8_tp1/focused_chunk_fsdp8_tp1_results.csv,,,,,True,fsdp8/tp1,CCE,0
False,4,focused_chunk_fsdp8_tp1_cce_r16_b4_l1024_tc256_vc16384,True,8,synthetic,False,0.8921695947647095,61.98534508699959,16,347.7848121857046,1024,4,2.3308385014533997,0.592320287666856,8,1,Gemma3 4B,google/gemma-3-4b-it,/tmp/gemma-cce-4b-focused/focused_chunk_fsdp8_tp1/focused_chunk_fsdp8_tp1_cce_r16_b4_l1024_tc256_vc16384,117.231988736,135.27465984,18.042671104,0.6940068440017058,False,ok,4.0,focused_chunk_fsdp8_tp1,False,256,v5litepod-8,742.8413464160681,cce,16384,94.9854659649991,/tmp/gemma-cce-4b-focused/focused_chunk_fsdp8_tp1/focused_chunk_fsdp8_tp1_cce_r16_b4_l1024_tc256_vc16384/xla/module_0676.jit__train_step.cl_914450892.after_optimizations-memory-usage-report.txt,14.93,data/gemma_4b_e4b_cce_transfer/raw/gemma-cce-4b-focused-eightchip-chunk-fsdp8/gemma-cce-4b-focused/focused_chunk_fsdp8_tp1/focused_chunk_fsdp8_tp1_results.csv,,,,,True,fsdp8/tp1,CCE,0
False,4,focused_chunk_fsdp8_tp1_cce_r16_b4_l1024_tc256_vc32768,True,8,synthetic,False,0.8930462002754211,61.57689734500127,16,349.95193262963005,1024,4,2.332240268588066,0.588652271333558,8,1,Gemma3 4B,google/gemma-3-4b-it,/tmp/gemma-cce-4b-focused/focused_chunk_fsdp8_tp1/focused_chunk_fsdp8_tp1_cce_r16_b4_l1024_tc256_vc32768,117.839777792,135.27465984,17.434882048,0.682019775000299,False,ok,4.0,focused_chunk_fsdp8_tp1,False,256,v5litepod-8,747.4701473642583,cce,32768,92.34969109799933,/tmp/gemma-cce-4b-focused/focused_chunk_fsdp8_tp1/focused_chunk_fsdp8_tp1_cce_r16_b4_l1024_tc256_vc32768/xla/module_0676.jit__train_step.cl_914450892.after_optimizations-memory-usage-report.txt,14.93,data/gemma_4b_e4b_cce_transfer/raw/gemma-cce-4b-focused-eightchip-chunk-fsdp8/gemma-cce-4b-focused/focused_chunk_fsdp8_tp1/focused_chunk_fsdp8_tp1_results.csv,,,,,True,fsdp8/tp1,CCE,0
False,4,focused_chunk_fsdp8_tp1_cce_r16_b4_l1024_tc256_vc65536,True,8,synthetic,False,0.8974515199661255,63.9204644800011,16,350.46680993814834,1024,4,2.33645823597908,0.5877874713338921,8,1,Gemma3 4B,google/gemma-3-4b-it,/tmp/gemma-cce-4b-focused/focused_chunk_fsdp8_tp1/focused_chunk_fsdp8_tp1_cce_r16_b4_l1024_tc256_vc65536,117.368997888,135.27465984,17.905661952,0.6864994750012556,False,ok,4.0,focused_chunk_fsdp8_tp1,False,256,v5litepod-8,748.5698853047829,cce,65536,99.13113317100031,/tmp/gemma-cce-4b-focused/focused_chunk_fsdp8_tp1/focused_chunk_fsdp8_tp1_cce_r16_b4_l1024_tc256_vc65536/xla/module_0676.jit__train_step.cl_914450892.after_optimizations-memory-usage-report.txt,14.93,data/gemma_4b_e4b_cce_transfer/raw/gemma-cce-4b-focused-eightchip-chunk-fsdp8/gemma-cce-4b-focused/focused_chunk_fsdp8_tp1/focused_chunk_fsdp8_tp1_results.csv,,,,,True,fsdp8/tp1,CCE,0
False,4,focused_chunk_fsdp8_tp1_cce_r16_b4_l1024_tc512_vc8192,True,8,synthetic,False,0.8990050554275513,64.64575660799892,16,345.3026619403965,1024,4,2.33929505944252,0.5965780826663831,8,1,Gemma3 4B,google/gemma-3-4b-it,/tmp/gemma-cce-4b-focused/focused_chunk_fsdp8_tp1/focused_chunk_fsdp8_tp1_cce_r16_b4_l1024_tc512_vc8192,116.67322368,135.27465984,18.60143616,0.6927012609994563,False,ok,4.0,focused_chunk_fsdp8_tp1,False,512,v5litepod-8,737.5396662804585,cce,8192,96.07465404900177,/tmp/gemma-cce-4b-focused/focused_chunk_fsdp8_tp1/focused_chunk_fsdp8_tp1_cce_r16_b4_l1024_tc512_vc8192/xla/module_0676.jit__train_step.cl_914450892.after_optimizations-memory-usage-report.txt,14.93,data/gemma_4b_e4b_cce_transfer/raw/gemma-cce-4b-focused-eightchip-chunk-fsdp8/gemma-cce-4b-focused/focused_chunk_fsdp8_tp1/focused_chunk_fsdp8_tp1_results.csv,,,,,True,fsdp8/tp1,CCE,0
False,4,focused_chunk_fsdp8_tp1_cce_r16_b4_l1024_tc512_vc16384,True,8,synthetic,False,0.8921695947647095,64.40476027000113,16,347.5693588383737,1024,4,2.3308385014533997,0.5926874586657505,8,1,Gemma3 4B,google/gemma-3-4b-it,/tmp/gemma-cce-4b-focused/focused_chunk_fsdp8_tp1/focused_chunk_fsdp8_tp1_cce_r16_b4_l1024_tc512_vc16384,116.772606464,135.27465984,18.502053376,0.69756518199938,False,ok,4.0,focused_chunk_fsdp8_tp1,False,512,v5litepod-8,742.3811548004098,cce,16384,100.01022063200072,/tmp/gemma-cce-4b-focused/focused_chunk_fsdp8_tp1/focused_chunk_fsdp8_tp1_cce_r16_b4_l1024_tc512_vc16384/xla/module_0676.jit__train_step.cl_914450892.after_optimizations-memory-usage-report.txt,14.93,data/gemma_4b_e4b_cce_transfer/raw/gemma-cce-4b-focused-eightchip-chunk-fsdp8/gemma-cce-4b-focused/focused_chunk_fsdp8_tp1/focused_chunk_fsdp8_tp1_results.csv,,,,,True,fsdp8/tp1,CCE,0
False,4,focused_chunk_fsdp8_tp1_cce_r16_b4_l1024_tc512_vc32768,True,8,synthetic,False,0.8930462002754211,63.468402615999366,16,350.3485996352684,1024,4,2.332240268588066,0.5879857953320121,8,1,Gemma3 4B,google/gemma-3-4b-it,/tmp/gemma-cce-4b-focused/focused_chunk_fsdp8_tp1/focused_chunk_fsdp8_tp1_cce_r16_b4_l1024_tc512_vc32768,117.269139968,135.27465984,18.005519872,0.6918788209986815,False,ok,4.0,focused_chunk_fsdp8_tp1,False,512,v5litepod-8,748.3173972792141,cce,32768,92.37601576499948,/tmp/gemma-cce-4b-focused/focused_chunk_fsdp8_tp1/focused_chunk_fsdp8_tp1_cce_r16_b4_l1024_tc512_vc32768/xla/module_0676.jit__train_step.cl_914450892.after_optimizations-memory-usage-report.txt,14.93,data/gemma_4b_e4b_cce_transfer/raw/gemma-cce-4b-focused-eightchip-chunk-fsdp8/gemma-cce-4b-focused/focused_chunk_fsdp8_tp1/focused_chunk_fsdp8_tp1_results.csv,,,,,True,fsdp8/tp1,CCE,0
False,4,focused_chunk_fsdp8_tp1_cce_r16_b4_l1024_tc512_vc65536,True,8,synthetic,False,0.8963790535926819,63.940895645002456,16,346.1701253929106,1024,4,2.3357689827680588,0.5950831249986853,8,1,Gemma3 4B,google/gemma-3-4b-it,/tmp/gemma-cce-4b-focused/focused_chunk_fsdp8_tp1/focused_chunk_fsdp8_tp1_cce_r16_b4_l1024_tc512_vc65536,117.421523456,135.27465984,17.853136384,0.6947890509982244,False,ok,4.0,focused_chunk_fsdp8_tp1,False,512,v5litepod-8,739.3925008392266,cce,65536,96.44560105900018,/tmp/gemma-cce-4b-focused/focused_chunk_fsdp8_tp1/focused_chunk_fsdp8_tp1_cce_r16_b4_l1024_tc512_vc65536/xla/module_0676.jit__train_step.cl_914450892.after_optimizations-memory-usage-report.txt,14.93,data/gemma_4b_e4b_cce_transfer/raw/gemma-cce-4b-focused-eightchip-chunk-fsdp8/gemma-cce-4b-focused/focused_chunk_fsdp8_tp1/focused_chunk_fsdp8_tp1_results.csv,,,,,True,fsdp8/tp1,CCE,0
False,1,focused_frontier_fsdp8_tp1_cce_r16_b1_l512_tc128_vc8192,True,8,synthetic,False,1.915355920791626,62.264906565000274,16,236.6575336348545,512,2,3.373508334159851,0.215501273999962,8,1,Gemma3 4B,google/gemma-3-4b-it,/tmp/gemma-cce-4b-focused/focused_frontier_fsdp8_tp1/focused_frontier_fsdp8_tp1_cce_r16_b1_l512_tc128_vc8192,115.226509312,135.27465984,20.048150528,0.215501273999962,False,ok,2.0,focused_frontier_fsdp8_tp1,False,128,v5litepod-8,505.79747384704194,cce,8192,88.59324709700013,/tmp/gemma-cce-4b-focused/focused_frontier_fsdp8_tp1/focused_frontier_fsdp8_tp1_cce_r16_b1_l512_tc128_vc8192/xla/module_0676.jit__train_step.cl_914450892.after_optimizations-memory-usage-report.txt,3.55,data/gemma_4b_e4b_cce_transfer/raw/gemma-cce-4b-focused-eightchip-chunk-fsdp8/gemma-cce-4b-focused/focused_frontier_fsdp8_tp1/focused_frontier_fsdp8_tp1_results.csv,,,,,True,fsdp8/tp1,CCE,0
False,1,focused_frontier_fsdp8_tp1_default_r16_b1_l512_tc128_vc8192,False,8,synthetic,True,1.927961826324463,65.13232920700011,16,239.0578297808463,512,2,3.385162830352783,0.2133375010002964,8,1,Gemma3 4B,google/gemma-3-4b-it,/tmp/gemma-cce-4b-focused/focused_frontier_fsdp8_tp1/focused_frontier_fsdp8_tp1_default_r16_b1_l512_tc128_vc8192,115.225571328,135.27465984,20.049088512,0.2133375010002964,False,ok,2.0,focused_frontier_fsdp8_tp1,False,128,v5litepod-8,510.92751855122054,default,8192,109.34644678999985,/tmp/gemma-cce-4b-focused/focused_frontier_fsdp8_tp1/focused_frontier_fsdp8_tp1_default_r16_b1_l512_tc128_vc8192/xla/module_0676.jit__train_step.cl_914450892.after_optimizations-memory-usage-report.txt,3.8,data/gemma_4b_e4b_cce_transfer/raw/gemma-cce-4b-focused-eightchip-chunk-fsdp8/gemma-cce-4b-focused/focused_frontier_fsdp8_tp1/focused_frontier_fsdp8_tp1_results.csv,,,,,True,fsdp8/tp1,Default CE,0
False,1,focused_frontier_fsdp8_tp1_cce_r16_b1_l1024_tc128_vc8192,True,8,synthetic,False,1.919048547744751,64.65810655799987,16,181.75670852416556,1024,2,3.4884060621261597,0.2805948700001863,8,1,Gemma3 4B,google/gemma-3-4b-it,/tmp/gemma-cce-4b-focused/focused_frontier_fsdp8_tp1/focused_frontier_fsdp8_tp1_cce_r16_b1_l1024_tc128_vc8192,114.800365568,135.27465984,20.474294272,0.2805948700001863,False,ok,2.0,focused_frontier_fsdp8_tp1,False,128,v5litepod-8,388.4604162575303,cce,8192,99.034089665,/tmp/gemma-cce-4b-focused/focused_frontier_fsdp8_tp1/focused_frontier_fsdp8_tp1_cce_r16_b1_l1024_tc128_vc8192/xla/module_0676.jit__train_step.cl_914450892.after_optimizations-memory-usage-report.txt,4.98,data/gemma_4b_e4b_cce_transfer/raw/gemma-cce-4b-focused-eightchip-chunk-fsdp8/gemma-cce-4b-focused/focused_frontier_fsdp8_tp1/focused_frontier_fsdp8_tp1_results.csv,,,,,True,fsdp8/tp1,CCE,0
False,1,focused_frontier_fsdp8_tp1_default_r16_b1_l1024_tc128_vc8192,False,8,synthetic,True,1.9143354892730713,71.0129546850003,16,200.4161566828647,1024,2,3.476364493370056,0.2544705020000037,8,1,Gemma3 4B,google/gemma-3-4b-it,/tmp/gemma-cce-4b-focused/focused_frontier_fsdp8_tp1/focused_frontier_fsdp8_tp1_default_r16_b1_l1024_tc128_vc8192,114.800349184,135.27465984,20.474310656,0.2544705020000037,False,ok,2.0,focused_frontier_fsdp8_tp1,False,128,v5litepod-8,428.3404133025933,default,8192,95.7975867580003,/tmp/gemma-cce-4b-focused/focused_frontier_fsdp8_tp1/focused_frontier_fsdp8_tp1_default_r16_b1_l1024_tc128_vc8192/xla/module_0676.jit__train_step.cl_914450892.after_optimizations-memory-usage-report.txt,5.48,data/gemma_4b_e4b_cce_transfer/raw/gemma-cce-4b-focused-eightchip-chunk-fsdp8/gemma-cce-4b-focused/focused_frontier_fsdp8_tp1/focused_frontier_fsdp8_tp1_results.csv,,,,,True,fsdp8/tp1,Default CE,0
False,1,focused_frontier_fsdp8_tp1_cce_r16_b1_l2048_tc128_vc8192,True,8,synthetic,False,1.9361186027526855,69.18207383599974,16,117.83084204775304,2048,2,3.534666061401367,0.4328238610000881,8,1,Gemma3 4B,google/gemma-3-4b-it,/tmp/gemma-cce-4b-focused/focused_frontier_fsdp8_tp1/focused_frontier_fsdp8_tp1_cce_r16_b1_l2048_tc128_vc8192,114.022117376,135.27465984,21.252542464,0.4328238610000881,False,ok,2.0,focused_frontier_fsdp8_tp1,False,128,v5litepod-8,251.8345447687271,cce,8192,108.41594609100002,/tmp/gemma-cce-4b-focused/focused_frontier_fsdp8_tp1/focused_frontier_fsdp8_tp1_cce_r16_b1_l2048_tc128_vc8192/xla/module_0676.jit__train_step.cl_914450892.after_optimizations-memory-usage-report.txt,9.37,data/gemma_4b_e4b_cce_transfer/raw/gemma-cce-4b-focused-eightchip-chunk-fsdp8/gemma-cce-4b-focused/focused_frontier_fsdp8_tp1/focused_frontier_fsdp8_tp1_results.csv,,,,,True,fsdp8/tp1,CCE,0
False,1,focused_frontier_fsdp8_tp1_default_r16_b1_l2048_tc128_vc8192,False,8,synthetic,True,1.9481710195541384,75.78037934000031,16,136.4999523694783,2048,2,3.530199944972992,0.3736265040001854,8,1,Gemma3 4B,google/gemma-3-4b-it,/tmp/gemma-cce-4b-focused/focused_frontier_fsdp8_tp1/focused_frontier_fsdp8_tp1_default_r16_b1_l2048_tc128_vc8192,114.019172352,135.27465984,21.255487488,0.3736265040001854,False,ok,2.0,focused_frontier_fsdp8_tp1,False,128,v5litepod-8,291.7351923190811,default,8192,101.95691395999984,/tmp/gemma-cce-4b-focused/focused_frontier_fsdp8_tp1/focused_frontier_fsdp8_tp1_default_r16_b1_l2048_tc128_vc8192/xla/module_0676.jit__train_step.cl_914450892.after_optimizations-memory-usage-report.txt,10.36,data/gemma_4b_e4b_cce_transfer/raw/gemma-cce-4b-focused-eightchip-chunk-fsdp8/gemma-cce-4b-focused/focused_frontier_fsdp8_tp1/focused_frontier_fsdp8_tp1_results.csv,,,,,True,fsdp8/tp1,Default CE,0
,1,focused_frontier_fsdp8_tp1_cce_r16_b1_l4096_tc128_vc8192,,8,synthetic,,,,16,,4096,2,,,8,1,Gemma3 4B,google/gemma-3-4b-it,/tmp/gemma-cce-4b-focused/focused_frontier_fsdp8_tp1/focused_frontier_fsdp8_tp1_cce_r16_b1_l4096_tc128_vc8192,,,,,,failed,,focused_frontier_fsdp8_tp1,,128,v5litepod-8,,cce,8192,,/tmp/gemma-cce-4b-focused/focused_frontier_fsdp8_tp1/focused_frontier_fsdp8_tp1_cce_r16_b1_l4096_tc128_vc8192/xla/module_0676.jit__train_step.cl_914450892.after_optimizations-memory-usage-report.txt,18.57,data/gemma_4b_e4b_cce_transfer/raw/gemma-cce-4b-focused-eightchip-chunk-fsdp8/gemma-cce-4b-focused/focused_frontier_fsdp8_tp1/focused_frontier_fsdp8_tp1_results.csv,compile_oom,,,,False,fsdp8/tp1,CCE,0
,1,focused_frontier_fsdp8_tp1_default_r16_b1_l4096_tc128_vc8192,,8,synthetic,,,,16,,4096,2,,,8,1,Gemma3 4B,google/gemma-3-4b-it,/tmp/gemma-cce-4b-focused/focused_frontier_fsdp8_tp1/focused_frontier_fsdp8_tp1_default_r16_b1_l4096_tc128_vc8192,,,,,,failed,,focused_frontier_fsdp8_tp1,,128,v5litepod-8,,default,8192,,/tmp/gemma-cce-4b-focused/focused_frontier_fsdp8_tp1/focused_frontier_fsdp8_tp1_default_r16_b1_l4096_tc128_vc8192/xla/module_0676.jit__train_step.cl_914450892.after_optimizations-memory-usage-report.txt,22.16,data/gemma_4b_e4b_cce_transfer/raw/gemma-cce-4b-focused-eightchip-chunk-fsdp8/gemma-cce-4b-focused/focused_frontier_fsdp8_tp1/focused_frontier_fsdp8_tp1_results.csv,compile_oom,4.45,15.75,20.19,False,fsdp8/tp1,Default CE,0
False,2,focused_frontier_fsdp8_tp1_cce_r16_b2_l512_tc128_vc8192,True,8,synthetic,False,1.9018794298171997,60.72444630800055,16,370.1988892435753,512,2,3.4073157906532288,0.2755275690005874,8,1,Gemma3 4B,google/gemma-3-4b-it,/tmp/gemma-cce-4b-focused/focused_frontier_fsdp8_tp1/focused_frontier_fsdp8_tp1_cce_r16_b2_l512_tc128_vc8192,114.770399232,135.27465984,20.504260608,0.2755275690005874,False,ok,2.0,focused_frontier_fsdp8_tp1,False,128,v5litepod-8,791.2093907362688,cce,8192,86.34960899399994,/tmp/gemma-cce-4b-focused/focused_frontier_fsdp8_tp1/focused_frontier_fsdp8_tp1_cce_r16_b2_l512_tc128_vc8192/xla/module_0676.jit__train_step.cl_914450892.after_optimizations-memory-usage-report.txt,4.97,data/gemma_4b_e4b_cce_transfer/raw/gemma-cce-4b-focused-eightchip-chunk-fsdp8/gemma-cce-4b-focused/focused_frontier_fsdp8_tp1/focused_frontier_fsdp8_tp1_results.csv,,,,,True,fsdp8/tp1,CCE,0
False,2,focused_frontier_fsdp8_tp1_default_r16_b2_l512_tc128_vc8192,False,8,synthetic,True,1.886666774749756,58.95093808699994,16,413.1682472344627,512,2,3.3945868015289307,0.2468727949999447,8,1,Gemma3 4B,google/gemma-3-4b-it,/tmp/gemma-cce-4b-focused/focused_frontier_fsdp8_tp1/focused_frontier_fsdp8_tp1_default_r16_b2_l512_tc128_vc8192,114.773180416,135.27465984,20.501479424,0.2468727949999447,False,ok,2.0,focused_frontier_fsdp8_tp1,False,128,v5litepod-8,883.0458617364008,default,8192,87.40501303600058,/tmp/gemma-cce-4b-focused/focused_frontier_fsdp8_tp1/focused_frontier_fsdp8_tp1_default_r16_b2_l512_tc128_vc8192/xla/module_0676.jit__train_step.cl_914450892.after_optimizations-memory-usage-report.txt,5.49,data/gemma_4b_e4b_cce_transfer/raw/gemma-cce-4b-focused-eightchip-chunk-fsdp8/gemma-cce-4b-focused/focused_frontier_fsdp8_tp1/focused_frontier_fsdp8_tp1_results.csv,,,,,True,fsdp8/tp1,Default CE,0
False,2,focused_frontier_fsdp8_tp1_cce_r16_b2_l1024_tc128_vc8192,True,8,synthetic,False,1.8543601036071775,62.28368502000012,16,238.51722595592437,1024,2,3.5139286518096924,0.4276420690002851,8,1,Gemma3 4B,google/gemma-3-4b-it,/tmp/gemma-cce-4b-focused/focused_frontier_fsdp8_tp1/focused_frontier_fsdp8_tp1_cce_r16_b2_l1024_tc128_vc8192,114.037874688,135.27465984,21.236785152,0.4276420690002851,False,ok,2.0,focused_frontier_fsdp8_tp1,False,128,v5litepod-8,509.77211037638733,cce,8192,90.25862162900012,/tmp/gemma-cce-4b-focused/focused_frontier_fsdp8_tp1/focused_frontier_fsdp8_tp1_cce_r16_b2_l1024_tc128_vc8192/xla/module_0676.jit__train_step.cl_914450892.after_optimizations-memory-usage-report.txt,8.51,data/gemma_4b_e4b_cce_transfer/raw/gemma-cce-4b-focused-eightchip-chunk-fsdp8/gemma-cce-4b-focused/focused_frontier_fsdp8_tp1/focused_frontier_fsdp8_tp1_results.csv,,,,,True,fsdp8/tp1,CCE,0
False,2,focused_frontier_fsdp8_tp1_default_r16_b2_l1024_tc128_vc8192,False,8,synthetic,True,1.8612605333328247,61.09032617400044,16,287.5500503420402,1024,2,3.5239704251289368,0.3547208559994033,8,1,Gemma3 4B,google/gemma-3-4b-it,/tmp/gemma-cce-4b-focused/focused_frontier_fsdp8_tp1/focused_frontier_fsdp8_tp1_default_r16_b2_l1024_tc128_vc8192,114.043645952,135.27465984,21.231013888,0.3547208559994033,False,ok,2.0,focused_frontier_fsdp8_tp1,False,128,v5litepod-8,614.5677546525957,default,8192,86.7564840290006,/tmp/gemma-cce-4b-focused/focused_frontier_fsdp8_tp1/focused_frontier_fsdp8_tp1_default_r16_b2_l1024_tc128_vc8192/xla/module_0676.jit__train_step.cl_914450892.after_optimizations-memory-usage-report.txt,9.92,data/gemma_4b_e4b_cce_transfer/raw/gemma-cce-4b-focused-eightchip-chunk-fsdp8/gemma-cce-4b-focused/focused_frontier_fsdp8_tp1/focused_frontier_fsdp8_tp1_results.csv,,,,,True,fsdp8/tp1,Default CE,0
,2,focused_frontier_fsdp8_tp1_cce_r16_b2_l2048_tc128_vc8192,,8,synthetic,,,,16,,2048,2,,,8,1,Gemma3 4B,google/gemma-3-4b-it,/tmp/gemma-cce-4b-focused/focused_frontier_fsdp8_tp1/focused_frontier_fsdp8_tp1_cce_r16_b2_l2048_tc128_vc8192,,,,,,failed,,focused_frontier_fsdp8_tp1,,128,v5litepod-8,,cce,8192,,/tmp/gemma-cce-4b-focused/focused_frontier_fsdp8_tp1/focused_frontier_fsdp8_tp1_cce_r16_b2_l2048_tc128_vc8192/xla/module_0676.jit__train_step.cl_914450892.after_optimizations-memory-usage-report.txt,17.97,data/gemma_4b_e4b_cce_transfer/raw/gemma-cce-4b-focused-eightchip-chunk-fsdp8/gemma-cce-4b-focused/focused_frontier_fsdp8_tp1/focused_frontier_fsdp8_tp1_results.csv,compile_oom,,,,False,fsdp8/tp1,CCE,0
,2,focused_frontier_fsdp8_tp1_default_r16_b2_l2048_tc128_vc8192,,8,synthetic,,,,16,,2048,2,,,8,1,Gemma3 4B,google/gemma-3-4b-it,/tmp/gemma-cce-4b-focused/focused_frontier_fsdp8_tp1/focused_frontier_fsdp8_tp1_default_r16_b2_l2048_tc128_vc8192,,,,,,failed,,focused_frontier_fsdp8_tp1,,128,v5litepod-8,,default,8192,,/tmp/gemma-cce-4b-focused/focused_frontier_fsdp8_tp1/focused_frontier_fsdp8_tp1_default_r16_b2_l2048_tc128_vc8192/xla/module_0676.jit__train_step.cl_914450892.after_optimizations-memory-usage-report.txt,21.58,data/gemma_4b_e4b_cce_transfer/raw/gemma-cce-4b-focused-eightchip-chunk-fsdp8/gemma-cce-4b-focused/focused_frontier_fsdp8_tp1/focused_frontier_fsdp8_tp1_results.csv,compile_oom,3.86,15.75,19.61,False,fsdp8/tp1,Default CE,0
,2,focused_frontier_fsdp8_tp1_cce_r16_b2_l4096_tc128_vc8192,,8,synthetic,,,,16,,4096,2,,,8,1,Gemma3 4B,google/gemma-3-4b-it,/tmp/gemma-cce-4b-focused/focused_frontier_fsdp8_tp1/focused_frontier_fsdp8_tp1_cce_r16_b2_l4096_tc128_vc8192,,,,,,failed,,focused_frontier_fsdp8_tp1,,128,v5litepod-8,,cce,8192,,/tmp/gemma-cce-4b-focused/focused_frontier_fsdp8_tp1/focused_frontier_fsdp8_tp1_cce_r16_b2_l4096_tc128_vc8192/xla/module_0676.jit__train_step.cl_914450892.after_optimizations-memory-usage-report.txt,51.1,data/gemma_4b_e4b_cce_transfer/raw/gemma-cce-4b-focused-eightchip-chunk-fsdp8/gemma-cce-4b-focused/focused_frontier_fsdp8_tp1/focused_frontier_fsdp8_tp1_results.csv,compile_oom,33.38,15.75,49.13,False,fsdp8/tp1,CCE,0
,2,focused_frontier_fsdp8_tp1_default_r16_b2_l4096_tc128_vc8192,,8,synthetic,,,,16,,4096,2,,,8,1,Gemma3 4B,google/gemma-3-4b-it,/tmp/gemma-cce-4b-focused/focused_frontier_fsdp8_tp1/focused_frontier_fsdp8_tp1_default_r16_b2_l4096_tc128_vc8192,,,,,,failed,,focused_frontier_fsdp8_tp1,,128,v5litepod-8,,default,8192,,/tmp/gemma-cce-4b-focused/focused_frontier_fsdp8_tp1/focused_frontier_fsdp8_tp1_default_r16_b2_l4096_tc128_vc8192/xla/module_0676.jit__train_step.cl_914450892.after_optimizations-memory-usage-report.txt,58.04,data/gemma_4b_e4b_cce_transfer/raw/gemma-cce-4b-focused-eightchip-chunk-fsdp8/gemma-cce-4b-focused/focused_frontier_fsdp8_tp1/focused_frontier_fsdp8_tp1_results.csv,compile_oom,40.33,15.75,56.07,False,fsdp8/tp1,Default CE,0
False,4,focused_frontier_fsdp8_tp1_cce_r16_b4_l512_tc128_vc8192,True,8,synthetic,False,1.9704861640930176,63.62201829300011,16,496.6376245164163,512,2,3.4634974002838135,0.410762273999353,8,1,Gemma3 4B,google/gemma-3-4b-it,/tmp/gemma-cce-4b-focused/focused_frontier_fsdp8_tp1/focused_frontier_fsdp8_tp1_cce_r16_b4_l512_tc128_vc8192,114.069430272,135.27465984,21.205229568,0.410762273999353,False,ok,2.0,focused_frontier_fsdp8_tp1,False,128,v5litepod-8,1061.44119749587,cce,8192,89.77567705299953,/tmp/gemma-cce-4b-focused/focused_frontier_fsdp8_tp1/focused_frontier_fsdp8_tp1_cce_r16_b4_l512_tc128_vc8192/xla/module_0676.jit__train_step.cl_914450892.after_optimizations-memory-usage-report.txt,8.58,data/gemma_4b_e4b_cce_transfer/raw/gemma-cce-4b-focused-eightchip-chunk-fsdp8/gemma-cce-4b-focused/focused_frontier_fsdp8_tp1/focused_frontier_fsdp8_tp1_results.csv,,,,,True,fsdp8/tp1,CCE,0
False,4,focused_frontier_fsdp8_tp1_default_r16_b4_l512_tc128_vc8192,False,8,synthetic,True,1.9717367887496948,61.93034066600012,16,574.1270586636351,512,2,3.4606849551200867,0.3553220439998767,8,1,Gemma3 4B,google/gemma-3-4b-it,/tmp/gemma-cce-4b-focused/focused_frontier_fsdp8_tp1/focused_frontier_fsdp8_tp1_default_r16_b4_l512_tc128_vc8192,114.075140096,135.27465984,21.199519744,0.3553220439998767,False,ok,2.0,focused_frontier_fsdp8_tp1,False,128,v5litepod-8,1227.055870477181,default,8192,87.70734041000014,/tmp/gemma-cce-4b-focused/focused_frontier_fsdp8_tp1/focused_frontier_fsdp8_tp1_default_r16_b4_l512_tc128_vc8192/xla/module_0676.jit__train_step.cl_914450892.after_optimizations-memory-usage-report.txt,9.58,data/gemma_4b_e4b_cce_transfer/raw/gemma-cce-4b-focused-eightchip-chunk-fsdp8/gemma-cce-4b-focused/focused_frontier_fsdp8_tp1/focused_frontier_fsdp8_tp1_results.csv,,,,,True,fsdp8/tp1,Default CE,0
False,4,focused_frontier_fsdp8_tp1_cce_r16_b4_l1024_tc128_vc8192,True,8,synthetic,False,1.9717028141021729,60.65350794999995,16,281.65145246732084,1024,2,3.5159465074539185,0.7242994779999208,8,1,Gemma3 4B,google/gemma-3-4b-it,/tmp/gemma-cce-4b-focused/focused_frontier_fsdp8_tp1/focused_frontier_fsdp8_tp1_cce_r16_b4_l1024_tc128_vc8192,117.842825216,135.27465984,17.431834624,0.7242994779999208,False,ok,2.0,focused_frontier_fsdp8_tp1,False,128,v5litepod-8,601.9609474301564,cce,8192,86.78253782699994,/tmp/gemma-cce-4b-focused/focused_frontier_fsdp8_tp1/focused_frontier_fsdp8_tp1_cce_r16_b4_l1024_tc128_vc8192/xla/module_0676.jit__train_step.cl_914450892.after_optimizations-memory-usage-report.txt,15.04,data/gemma_4b_e4b_cce_transfer/raw/gemma-cce-4b-focused-eightchip-chunk-fsdp8/gemma-cce-4b-focused/focused_frontier_fsdp8_tp1/focused_frontier_fsdp8_tp1_results.csv,,,,,True,fsdp8/tp1,CCE,0
,4,focused_frontier_fsdp8_tp1_default_r16_b4_l1024_tc128_vc8192,,8,synthetic,,,,16,,1024,2,,,8,1,Gemma3 4B,google/gemma-3-4b-it,/tmp/gemma-cce-4b-focused/focused_frontier_fsdp8_tp1/focused_frontier_fsdp8_tp1_default_r16_b4_l1024_tc128_vc8192,,,,,,failed,,focused_frontier_fsdp8_tp1,,128,v5litepod-8,,default,8192,,/tmp/gemma-cce-4b-focused/focused_frontier_fsdp8_tp1/focused_frontier_fsdp8_tp1_default_r16_b4_l1024_tc128_vc8192/xla/module_0676.jit__train_step.cl_914450892.after_optimizations-memory-usage-report.txt,16.54,data/gemma_4b_e4b_cce_transfer/raw/gemma-cce-4b-focused-eightchip-chunk-fsdp8/gemma-cce-4b-focused/focused_frontier_fsdp8_tp1/focused_frontier_fsdp8_tp1_results.csv,compile_oom,,,,False,fsdp8/tp1,Default CE,0
,4,focused_frontier_fsdp8_tp1_cce_r16_b4_l2048_tc128_vc8192,,8,synthetic,,,,16,,2048,2,,,8,1,Gemma3 4B,google/gemma-3-4b-it,/tmp/gemma-cce-4b-focused/focused_frontier_fsdp8_tp1/focused_frontier_fsdp8_tp1_cce_r16_b4_l2048_tc128_vc8192,,,,,,failed,,focused_frontier_fsdp8_tp1,,128,v5litepod-8,,cce,8192,,/tmp/gemma-cce-4b-focused/focused_frontier_fsdp8_tp1/focused_frontier_fsdp8_tp1_cce_r16_b4_l2048_tc128_vc8192/xla/module_0676.jit__train_step.cl_914450892.after_optimizations-memory-usage-report.txt,34.38,data/gemma_4b_e4b_cce_transfer/raw/gemma-cce-4b-focused-eightchip-chunk-fsdp8/gemma-cce-4b-focused/focused_frontier_fsdp8_tp1/focused_frontier_fsdp8_tp1_results.csv,compile_oom,16.66,15.75,32.41,False,fsdp8/tp1,CCE,0
,4,focused_frontier_fsdp8_tp1_default_r16_b4_l2048_tc128_vc8192,,8,synthetic,,,,16,,2048,2,,,8,1,Gemma3 4B,google/gemma-3-4b-it,/tmp/gemma-cce-4b-focused/focused_frontier_fsdp8_tp1/focused_frontier_fsdp8_tp1_default_r16_b4_l2048_tc128_vc8192,,,,,,failed,,focused_frontier_fsdp8_tp1,,128,v5litepod-8,,default,8192,,/tmp/gemma-cce-4b-focused/focused_frontier_fsdp8_tp1/focused_frontier_fsdp8_tp1_default_r16_b4_l2048_tc128_vc8192/xla/module_0676.jit__train_step.cl_914450892.after_optimizations-memory-usage-report.txt,41.75,data/gemma_4b_e4b_cce_transfer/raw/gemma-cce-4b-focused-eightchip-chunk-fsdp8/gemma-cce-4b-focused/focused_frontier_fsdp8_tp1/focused_frontier_fsdp8_tp1_results.csv,compile_oom,24.04,15.75,39.78,False,fsdp8/tp1,Default CE,0
,4,focused_frontier_fsdp8_tp1_cce_r16_b4_l4096_tc128_vc8192,,8,synthetic,,,,16,,4096,2,,,8,1,Gemma3 4B,google/gemma-3-4b-it,/tmp/gemma-cce-4b-focused/focused_frontier_fsdp8_tp1/focused_frontier_fsdp8_tp1_cce_r16_b4_l4096_tc128_vc8192,,,,,,failed,,focused_frontier_fsdp8_tp1,,128,v5litepod-8,,cce,8192,,/tmp/gemma-cce-4b-focused/focused_frontier_fsdp8_tp1/focused_frontier_fsdp8_tp1_cce_r16_b4_l4096_tc128_vc8192/xla/module_0676.jit__train_step.cl_914450892.after_optimizations-memory-usage-report.txt,102.46,data/gemma_4b_e4b_cce_transfer/raw/gemma-cce-4b-focused-eightchip-chunk-fsdp8/gemma-cce-4b-focused/focused_frontier_fsdp8_tp1/focused_frontier_fsdp8_tp1_results.csv,compile_oom,84.74,15.75,100.49,False,fsdp8/tp1,CCE,0
,4,focused_frontier_fsdp8_tp1_default_r16_b4_l4096_tc128_vc8192,,8,synthetic,,,,16,,4096,2,,,8,1,Gemma3 4B,google/gemma-3-4b-it,/tmp/gemma-cce-4b-focused/focused_frontier_fsdp8_tp1/focused_frontier_fsdp8_tp1_default_r16_b4_l4096_tc128_vc8192,,,,,,failed,,focused_frontier_fsdp8_tp1,,128,v5litepod-8,,default,8192,,/tmp/gemma-cce-4b-focused/focused_frontier_fsdp8_tp1/focused_frontier_fsdp8_tp1_default_r16_b4_l4096_tc128_vc8192/xla/module_0676.jit__train_step.cl_914450892.after_optimizations-memory-usage-report.txt,117.33,data/gemma_4b_e4b_cce_transfer/raw/gemma-cce-4b-focused-eightchip-chunk-fsdp8/gemma-cce-4b-focused/focused_frontier_fsdp8_tp1/focused_frontier_fsdp8_tp1_results.csv,compile_oom,99.61,15.75,115.36,False,fsdp8/tp1,Default CE,0
False,8,focused_frontier_fsdp8_tp1_cce_r16_b8_l512_tc128_vc8192,True,8,synthetic,False,2.0306100845336914,56.75816769500034,16,621.4889300021688,512,2,3.4064667224884033,0.6661421950002477,8,1,Gemma3 4B,google/gemma-3-4b-it,/tmp/gemma-cce-4b-focused/focused_frontier_fsdp8_tp1/focused_frontier_fsdp8_tp1_cce_r16_b8_l512_tc128_vc8192,117.912481792,135.27465984,17.362178048,0.6661421950002477,False,ok,2.0,focused_frontier_fsdp8_tp1,False,128,v5litepod-8,1327.043995463568,cce,8192,86.56834583399996,/tmp/gemma-cce-4b-focused/focused_frontier_fsdp8_tp1/focused_frontier_fsdp8_tp1_cce_r16_b8_l512_tc128_vc8192/xla/module_0676.jit__train_step.cl_914450892.after_optimizations-memory-usage-report.txt,12.45,data/gemma_4b_e4b_cce_transfer/raw/gemma-cce-4b-focused-eightchip-chunk-fsdp8/gemma-cce-4b-focused/focused_frontier_fsdp8_tp1/focused_frontier_fsdp8_tp1_results.csv,,,,,True,fsdp8/tp1,CCE,0
False,8,focused_frontier_fsdp8_tp1_default_r16_b8_l512_tc128_vc8192,False,8,synthetic,True,2.018491744995117,58.62501532099941,16,704.7701151469341,512,2,3.3986284732818604,0.5874255890003042,8,1,Gemma3 4B,google/gemma-3-4b-it,/tmp/gemma-cce-4b-focused/focused_frontier_fsdp8_tp1/focused_frontier_fsdp8_tp1_default_r16_b8_l512_tc128_vc8192,117.873631232,135.27465984,17.401028608,0.5874255890003042,False,ok,2.0,focused_frontier_fsdp8_tp1,False,128,v5litepod-8,1504.8714535987676,default,8192,85.89205825499994,/tmp/gemma-cce-4b-focused/focused_frontier_fsdp8_tp1/focused_frontier_fsdp8_tp1_default_r16_b8_l512_tc128_vc8192/xla/module_0676.jit__train_step.cl_914450892.after_optimizations-memory-usage-report.txt,14.82,data/gemma_4b_e4b_cce_transfer/raw/gemma-cce-4b-focused-eightchip-chunk-fsdp8/gemma-cce-4b-focused/focused_frontier_fsdp8_tp1/focused_frontier_fsdp8_tp1_results.csv,,,,,True,fsdp8/tp1,Default CE,0
,8,focused_frontier_fsdp8_tp1_cce_r16_b8_l1024_tc128_vc8192,,8,synthetic,,,,16,,1024,2,,,8,1,Gemma3 4B,google/gemma-3-4b-it,/tmp/gemma-cce-4b-focused/focused_frontier_fsdp8_tp1/focused_frontier_fsdp8_tp1_cce_r16_b8_l1024_tc128_vc8192,,,,,,failed,,focused_frontier_fsdp8_tp1,,128,v5litepod-8,,cce,8192,,/tmp/gemma-cce-4b-focused/focused_frontier_fsdp8_tp1/focused_frontier_fsdp8_tp1_cce_r16_b8_l1024_tc128_vc8192/xla/module_0676.jit__train_step.cl_914450892.after_optimizations-memory-usage-report.txt,25.92,data/gemma_4b_e4b_cce_transfer/raw/gemma-cce-4b-focused-eightchip-chunk-fsdp8/gemma-cce-4b-focused/focused_frontier_fsdp8_tp1/focused_frontier_fsdp8_tp1_results.csv,compile_oom,8.2,15.75,23.95,False,fsdp8/tp1,CCE,0
,8,focused_frontier_fsdp8_tp1_default_r16_b8_l1024_tc128_vc8192,,8,synthetic,,,,16,,1024,2,,,8,1,Gemma3 4B,google/gemma-3-4b-it,/tmp/gemma-cce-4b-focused/focused_frontier_fsdp8_tp1/focused_frontier_fsdp8_tp1_default_r16_b8_l1024_tc128_vc8192,,,,,,failed,,focused_frontier_fsdp8_tp1,,128,v5litepod-8,,default,8192,,/tmp/gemma-cce-4b-focused/focused_frontier_fsdp8_tp1/focused_frontier_fsdp8_tp1_default_r16_b8_l1024_tc128_vc8192/xla/module_0676.jit__train_step.cl_914450892.after_optimizations-memory-usage-report.txt,33.41,data/gemma_4b_e4b_cce_transfer/raw/gemma-cce-4b-focused-eightchip-chunk-fsdp8/gemma-cce-4b-focused/focused_frontier_fsdp8_tp1/focused_frontier_fsdp8_tp1_results.csv,compile_oom,15.69,15.75,31.44,False,fsdp8/tp1,Default CE,0
,8,focused_frontier_fsdp8_tp1_cce_r16_b8_l2048_tc128_vc8192,,8,synthetic,,,,16,,2048,2,,,8,1,Gemma3 4B,google/gemma-3-4b-it,/tmp/gemma-cce-4b-focused/focused_frontier_fsdp8_tp1/focused_frontier_fsdp8_tp1_cce_r16_b8_l2048_tc128_vc8192,,,,,,failed,,focused_frontier_fsdp8_tp1,,128,v5litepod-8,,cce,8192,,/tmp/gemma-cce-4b-focused/focused_frontier_fsdp8_tp1/focused_frontier_fsdp8_tp1_cce_r16_b8_l2048_tc128_vc8192/xla/module_0676.jit__train_step.cl_914450892.after_optimizations-memory-usage-report.txt,68.51,data/gemma_4b_e4b_cce_transfer/raw/gemma-cce-4b-focused-eightchip-chunk-fsdp8/gemma-cce-4b-focused/focused_frontier_fsdp8_tp1/focused_frontier_fsdp8_tp1_results.csv,compile_oom,50.79,15.75,66.54,False,fsdp8/tp1,CCE,0
,8,focused_frontier_fsdp8_tp1_default_r16_b8_l2048_tc128_vc8192,,8,synthetic,,,,16,,2048,2,,,8,1,Gemma3 4B,google/gemma-3-4b-it,/tmp/gemma-cce-4b-focused/focused_frontier_fsdp8_tp1/focused_frontier_fsdp8_tp1_default_r16_b8_l2048_tc128_vc8192,,,,,,failed,,focused_frontier_fsdp8_tp1,,128,v5litepod-8,,default,8192,,/tmp/gemma-cce-4b-focused/focused_frontier_fsdp8_tp1/focused_frontier_fsdp8_tp1_default_r16_b8_l2048_tc128_vc8192/xla/module_0676.jit__train_step.cl_914450892.after_optimizations-memory-usage-report.txt,84.06,data/gemma_4b_e4b_cce_transfer/raw/gemma-cce-4b-focused-eightchip-chunk-fsdp8/gemma-cce-4b-focused/focused_frontier_fsdp8_tp1/focused_frontier_fsdp8_tp1_results.csv,compile_oom,66.34,15.75,82.09,False,fsdp8/tp1,Default CE,0
,8,focused_frontier_fsdp8_tp1_cce_r16_b8_l4096_tc128_vc8192,,8,synthetic,,,,16,,4096,2,,,8,1,Gemma3 4B,google/gemma-3-4b-it,/tmp/gemma-cce-4b-focused/focused_frontier_fsdp8_tp1/focused_frontier_fsdp8_tp1_cce_r16_b8_l4096_tc128_vc8192,,,,,,failed,,focused_frontier_fsdp8_tp1,,128,v5litepod-8,,cce,8192,,/tmp/gemma-cce-4b-focused/focused_frontier_fsdp8_tp1/focused_frontier_fsdp8_tp1_cce_r16_b8_l4096_tc128_vc8192/xla/module_0676.jit__train_step.cl_914450892.after_optimizations-memory-usage-report.txt,203.01,data/gemma_4b_e4b_cce_transfer/raw/gemma-cce-4b-focused-eightchip-chunk-fsdp8/gemma-cce-4b-focused/focused_frontier_fsdp8_tp1/focused_frontier_fsdp8_tp1_results.csv,compile_oom,185.29,15.75,201.04,False,fsdp8/tp1,CCE,0
,8,focused_frontier_fsdp8_tp1_default_r16_b8_l4096_tc128_vc8192,,8,synthetic,,,,16,,4096,2,,,8,1,Gemma3 4B,google/gemma-3-4b-it,/tmp/gemma-cce-4b-focused/focused_frontier_fsdp8_tp1/focused_frontier_fsdp8_tp1_default_r16_b8_l4096_tc128_vc8192,,,,,,failed,,focused_frontier_fsdp8_tp1,,128,v5litepod-8,,default,8192,,/tmp/gemma-cce-4b-focused/focused_frontier_fsdp8_tp1/focused_frontier_fsdp8_tp1_default_r16_b8_l4096_tc128_vc8192/xla/module_0676.jit__train_step.cl_914450892.after_optimizations-memory-usage-report.txt,232.86,data/gemma_4b_e4b_cce_transfer/raw/gemma-cce-4b-focused-eightchip-chunk-fsdp8/gemma-cce-4b-focused/focused_frontier_fsdp8_tp1/focused_frontier_fsdp8_tp1_results.csv,compile_oom,215.14,15.75,230.89,False,fsdp8/tp1,Default CE,0
,16,focused_frontier_fsdp8_tp1_cce_r16_b16_l512_tc128_vc8192,,8,synthetic,,,,16,,512,2,,,8,1,Gemma3 4B,google/gemma-3-4b-it,/tmp/gemma-cce-4b-focused/focused_frontier_fsdp8_tp1/focused_frontier_fsdp8_tp1_cce_r16_b16_l512_tc128_vc8192,,,,,,failed,,focused_frontier_fsdp8_tp1,,128,v5litepod-8,,cce,8192,,/tmp/gemma-cce-4b-focused/focused_frontier_fsdp8_tp1/focused_frontier_fsdp8_tp1_cce_r16_b16_l512_tc128_vc8192/xla/module_0676.jit__train_step.cl_914450892.after_optimizations-memory-usage-report.txt,21.86,data/gemma_4b_e4b_cce_transfer/raw/gemma-cce-4b-focused-eightchip-chunk-fsdp8/gemma-cce-4b-focused/focused_frontier_fsdp8_tp1/focused_frontier_fsdp8_tp1_results.csv,compile_oom,4.15,15.75,19.9,False,fsdp8/tp1,CCE,0
,16,focused_frontier_fsdp8_tp1_default_r16_b16_l512_tc128_vc8192,,8,synthetic,,,,16,,512,2,,,8,1,Gemma3 4B,google/gemma-3-4b-it,/tmp/gemma-cce-4b-focused/focused_frontier_fsdp8_tp1/focused_frontier_fsdp8_tp1_default_r16_b16_l512_tc128_vc8192,,,,,,failed,,focused_frontier_fsdp8_tp1,,128,v5litepod-8,,default,8192,,/tmp/gemma-cce-4b-focused/focused_frontier_fsdp8_tp1/focused_frontier_fsdp8_tp1_default_r16_b16_l512_tc128_vc8192/xla/module_0676.jit__train_step.cl_914450892.after_optimizations-memory-usage-report.txt,29.11,data/gemma_4b_e4b_cce_transfer/raw/gemma-cce-4b-focused-eightchip-chunk-fsdp8/gemma-cce-4b-focused/focused_frontier_fsdp8_tp1/focused_frontier_fsdp8_tp1_results.csv,compile_oom,11.39,15.75,27.14,False,fsdp8/tp1,Default CE,0
,16,focused_frontier_fsdp8_tp1_cce_r16_b16_l1024_tc128_vc8192,,8,synthetic,,,,16,,1024,2,,,8,1,Gemma3 4B,google/gemma-3-4b-it,/tmp/gemma-cce-4b-focused/focused_frontier_fsdp8_tp1/focused_frontier_fsdp8_tp1_cce_r16_b16_l1024_tc128_vc8192,,,,,,failed,,focused_frontier_fsdp8_tp1,,128,v5litepod-8,,cce,8192,,/tmp/gemma-cce-4b-focused/focused_frontier_fsdp8_tp1/focused_frontier_fsdp8_tp1_cce_r16_b16_l1024_tc128_vc8192/xla/module_0676.jit__train_step.cl_914450892.after_optimizations-memory-usage-report.txt,52.58,data/gemma_4b_e4b_cce_transfer/raw/gemma-cce-4b-focused-eightchip-chunk-fsdp8/gemma-cce-4b-focused/focused_frontier_fsdp8_tp1/focused_frontier_fsdp8_tp1_results.csv,compile_oom,34.86,15.75,50.61,False,fsdp8/tp1,CCE,0
,16,focused_frontier_fsdp8_tp1_default_r16_b16_l1024_tc128_vc8192,,8,synthetic,,,,16,,1024,2,,,8,1,Gemma3 4B,google/gemma-3-4b-it,/tmp/gemma-cce-4b-focused/focused_frontier_fsdp8_tp1/focused_frontier_fsdp8_tp1_default_r16_b16_l1024_tc128_vc8192,,,,,,failed,,focused_frontier_fsdp8_tp1,,128,v5litepod-8,,default,8192,,/tmp/gemma-cce-4b-focused/focused_frontier_fsdp8_tp1/focused_frontier_fsdp8_tp1_default_r16_b16_l1024_tc128_vc8192/xla/module_0676.jit__train_step.cl_914450892.after_optimizations-memory-usage-report.txt,67.54,data/gemma_4b_e4b_cce_transfer/raw/gemma-cce-4b-focused-eightchip-chunk-fsdp8/gemma-cce-4b-focused/focused_frontier_fsdp8_tp1/focused_frontier_fsdp8_tp1_results.csv,compile_oom,49.82,15.75,65.57,False,fsdp8/tp1,Default CE,0
,16,focused_frontier_fsdp8_tp1_cce_r16_b16_l2048_tc128_vc8192,,8,synthetic,,,,16,,2048,2,,,8,1,Gemma3 4B,google/gemma-3-4b-it,/tmp/gemma-cce-4b-focused/focused_frontier_fsdp8_tp1/focused_frontier_fsdp8_tp1_cce_r16_b16_l2048_tc128_vc8192,,,,,,failed,,focused_frontier_fsdp8_tp1,,128,v5litepod-8,,cce,8192,,/tmp/gemma-cce-4b-focused/focused_frontier_fsdp8_tp1/focused_frontier_fsdp8_tp1_cce_r16_b16_l2048_tc128_vc8192/xla/module_0676.jit__train_step.cl_914450892.after_optimizations-memory-usage-report.txt,134.95,data/gemma_4b_e4b_cce_transfer/raw/gemma-cce-4b-focused-eightchip-chunk-fsdp8/gemma-cce-4b-focused/focused_frontier_fsdp8_tp1/focused_frontier_fsdp8_tp1_results.csv,compile_oom,117.23,15.75,132.98,False,fsdp8/tp1,CCE,0
,16,focused_frontier_fsdp8_tp1_default_r16_b16_l2048_tc128_vc8192,,8,synthetic,,,,16,,2048,2,,,8,1,Gemma3 4B,google/gemma-3-4b-it,/tmp/gemma-cce-4b-focused/focused_frontier_fsdp8_tp1/focused_frontier_fsdp8_tp1_default_r16_b16_l2048_tc128_vc8192,,,,,,failed,,focused_frontier_fsdp8_tp1,,128,v5litepod-8,,default,8192,,/tmp/gemma-cce-4b-focused/focused_frontier_fsdp8_tp1/focused_frontier_fsdp8_tp1_default_r16_b16_l2048_tc128_vc8192/xla/module_0676.jit__train_step.cl_914450892.after_optimizations-memory-usage-report.txt,167.31,data/gemma_4b_e4b_cce_transfer/raw/gemma-cce-4b-focused-eightchip-chunk-fsdp8/gemma-cce-4b-focused/focused_frontier_fsdp8_tp1/focused_frontier_fsdp8_tp1_results.csv,compile_oom,149.59,15.75,165.34,False,fsdp8/tp1,Default CE,0
,16,focused_frontier_fsdp8_tp1_cce_r16_b16_l4096_tc128_vc8192,,8,synthetic,,,,16,,4096,2,,,8,1,Gemma3 4B,google/gemma-3-4b-it,/tmp/gemma-cce-4b-focused/focused_frontier_fsdp8_tp1/focused_frontier_fsdp8_tp1_cce_r16_b16_l4096_tc128_vc8192,,,,,,failed,,focused_frontier_fsdp8_tp1,,128,v5litepod-8,,cce,8192,,/tmp/gemma-cce-4b-focused/focused_frontier_fsdp8_tp1/focused_frontier_fsdp8_tp1_cce_r16_b16_l4096_tc128_vc8192/xla/module_0676.jit__train_step.cl_914450892.after_optimizations-memory-usage-report.txt,404.38,data/gemma_4b_e4b_cce_transfer/raw/gemma-cce-4b-focused-eightchip-chunk-fsdp8/gemma-cce-4b-focused/focused_frontier_fsdp8_tp1/focused_frontier_fsdp8_tp1_results.csv,compile_oom,386.67,15.75,402.42,False,fsdp8/tp1,CCE,0
,16,focused_frontier_fsdp8_tp1_default_r16_b16_l4096_tc128_vc8192,,8,synthetic,,,,16,,4096,2,,,8,1,Gemma3 4B,google/gemma-3-4b-it,/tmp/gemma-cce-4b-focused/focused_frontier_fsdp8_tp1/focused_frontier_fsdp8_tp1_default_r16_b16_l4096_tc128_vc8192,,,,,,failed,,focused_frontier_fsdp8_tp1,,128,v5litepod-8,,default,8192,,/tmp/gemma-cce-4b-focused/focused_frontier_fsdp8_tp1/focused_frontier_fsdp8_tp1_default_r16_b16_l4096_tc128_vc8192/xla/module_0676.jit__train_step.cl_914450892.after_optimizations-memory-usage-report.txt,464.11,data/gemma_4b_e4b_cce_transfer/raw/gemma-cce-4b-focused-eightchip-chunk-fsdp8/gemma-cce-4b-focused/focused_frontier_fsdp8_tp1/focused_frontier_fsdp8_tp1_results.csv,resource_exhausted,,,,False,fsdp8/tp1,Default CE,0
False,1,focused_pilot_fsdp8_tp1_cce_r16_b1_l512_tc128_vc8192,True,8,synthetic,False,1.915355920791626,63.18494400600008,16,234.48002248143337,512,2,3.373508334159851,0.2175025379999624,8,1,Gemma3 4B,google/gemma-3-4b-it,/tmp/gemma-cce-4b-focused/focused_pilot_fsdp8_tp1/focused_pilot_fsdp8_tp1_cce_r16_b1_l512_tc128_vc8192,115.226509312,135.27465984,20.048150528,0.2175025379999624,False,ok,2.0,focused_pilot_fsdp8_tp1,False,128,v5litepod-8,501.1435774603183,cce,8192,100.06493905400004,/tmp/gemma-cce-4b-focused/focused_pilot_fsdp8_tp1/focused_pilot_fsdp8_tp1_cce_r16_b1_l512_tc128_vc8192/xla/module_0676.jit__train_step.cl_914450892.after_optimizations-memory-usage-report.txt,3.55,data/gemma_4b_e4b_cce_transfer/raw/gemma-cce-4b-focused-eightchip-chunk-fsdp8/gemma-cce-4b-focused/focused_pilot_fsdp8_tp1/focused_pilot_fsdp8_tp1_results.csv,,,,,True,fsdp8/tp1,CCE,0
False,1,focused_pilot_fsdp8_tp1_default_r16_b1_l512_tc128_vc8192,False,8,synthetic,True,1.927961826324463,65.44535249,16,239.21643054019984,512,2,3.385162830352783,0.213196057999994,8,1,Gemma3 4B,google/gemma-3-4b-it,/tmp/gemma-cce-4b-focused/focused_pilot_fsdp8_tp1/focused_pilot_fsdp8_tp1_default_r16_b1_l512_tc128_vc8192,115.225571328,135.27465984,20.049088512,0.213196057999994,False,ok,2.0,focused_pilot_fsdp8_tp1,False,128,v5litepod-8,511.2664888016036,default,8192,98.332270301,/tmp/gemma-cce-4b-focused/focused_pilot_fsdp8_tp1/focused_pilot_fsdp8_tp1_default_r16_b1_l512_tc128_vc8192/xla/module_0676.jit__train_step.cl_914450892.after_optimizations-memory-usage-report.txt,3.8,data/gemma_4b_e4b_cce_transfer/raw/gemma-cce-4b-focused-eightchip-chunk-fsdp8/gemma-cce-4b-focused/focused_pilot_fsdp8_tp1/focused_pilot_fsdp8_tp1_results.csv,,,,,True,fsdp8/tp1,Default CE,0
False,4,focused_pilot_fsdp8_tp1_cce_r16_b4_l512_tc128_vc8192,True,8,synthetic,False,1.9704861640930176,63.05221282499997,16,496.8534175643883,512,2,3.4634974002838135,0.410583871999961,8,1,Gemma3 4B,google/gemma-3-4b-it,/tmp/gemma-cce-4b-focused/focused_pilot_fsdp8_tp1/focused_pilot_fsdp8_tp1_cce_r16_b4_l512_tc128_vc8192,114.069430272,135.27465984,21.205229568,0.410583871999961,False,ok,2.0,focused_pilot_fsdp8_tp1,False,128,v5litepod-8,1061.902402245457,cce,8192,93.93543631199998,/tmp/gemma-cce-4b-focused/focused_pilot_fsdp8_tp1/focused_pilot_fsdp8_tp1_cce_r16_b4_l512_tc128_vc8192/xla/module_0676.jit__train_step.cl_914450892.after_optimizations-memory-usage-report.txt,8.58,data/gemma_4b_e4b_cce_transfer/raw/gemma-cce-4b-focused-eightchip-chunk-fsdp8/gemma-cce-4b-focused/focused_pilot_fsdp8_tp1/focused_pilot_fsdp8_tp1_results.csv,,,,,True,fsdp8/tp1,CCE,0
False,4,focused_pilot_fsdp8_tp1_default_r16_b4_l512_tc128_vc8192,False,8,synthetic,True,1.9717367887496948,62.70212519500001,16,575.6046703783195,512,2,3.4606849551200867,0.3544099110000616,8,1,Gemma3 4B,google/gemma-3-4b-it,/tmp/gemma-cce-4b-focused/focused_pilot_fsdp8_tp1/focused_pilot_fsdp8_tp1_default_r16_b4_l512_tc128_vc8192,114.075140096,135.27465984,21.199519744,0.3544099110000616,False,ok,2.0,focused_pilot_fsdp8_tp1,False,128,v5litepod-8,1230.2139033575847,default,8192,106.81209578700008,/tmp/gemma-cce-4b-focused/focused_pilot_fsdp8_tp1/focused_pilot_fsdp8_tp1_default_r16_b4_l512_tc128_vc8192/xla/module_0676.jit__train_step.cl_914450892.after_optimizations-memory-usage-report.txt,9.58,data/gemma_4b_e4b_cce_transfer/raw/gemma-cce-4b-focused-eightchip-chunk-fsdp8/gemma-cce-4b-focused/focused_pilot_fsdp8_tp1/focused_pilot_fsdp8_tp1_results.csv,,,,,True,fsdp8/tp1,Default CE,0
False,4,focused_chunk_fsdp8_tp1_cce_r16_b4_l512_tc128_vc8192,True,8,synthetic,False,0.3313755095005035,86.22328853900035,16,325.0906584613846,512,4,1.3578993007540705,0.6336693923318913,8,1,Gemma4 E4B,google/gemma-4-E4B,/tmp/gemma-cce-e4b-focused-hf3/focused_chunk_fsdp8_tp1/focused_chunk_fsdp8_tp1_cce_r16_b4_l512_tc128_vc8192,100.900353536,135.27465984,34.374306304,0.7703342159984459,False,ok,4.0,focused_chunk_fsdp8_tp1,False,128,v5litepod-8,807.9923161758684,cce,8192,135.51336327300305,/tmp/gemma-cce-e4b-focused-hf3/focused_chunk_fsdp8_tp1/focused_chunk_fsdp8_tp1_cce_r16_b4_l512_tc128_vc8192/xla/module_1046.jit__train_step.cl_914450892.after_optimizations-memory-usage-report.txt,14.53,data/gemma_4b_e4b_cce_transfer/raw/gemma-cce-e4b-focused-hf3-eightchip-chunk-fsdp8/gemma-cce-e4b-focused-hf3/focused_chunk_fsdp8_tp1/focused_chunk_fsdp8_tp1_results.csv,,,,,True,fsdp8/tp1,CCE,1
False,4,focused_chunk_fsdp8_tp1_cce_r16_b4_l512_tc128_vc16384,True,8,synthetic,False,0.3615111708641052,83.31704000300306,16,327.46981201682996,512,4,1.3662671893835068,0.6290656189994479,8,1,Gemma4 E4B,google/gemma-4-E4B,/tmp/gemma-cce-e4b-focused-hf3/focused_chunk_fsdp8_tp1/focused_chunk_fsdp8_tp1_cce_r16_b4_l512_tc128_vc16384,100.751760896,135.27465984,34.522898944,0.760321906000172,False,ok,4.0,focused_chunk_fsdp8_tp1,False,128,v5litepod-8,813.9055521971696,cce,16384,128.51770358200156,/tmp/gemma-cce-e4b-focused-hf3/focused_chunk_fsdp8_tp1/focused_chunk_fsdp8_tp1_cce_r16_b4_l512_tc128_vc16384/xla/module_1046.jit__train_step.cl_914450892.after_optimizations-memory-usage-report.txt,14.54,data/gemma_4b_e4b_cce_transfer/raw/gemma-cce-e4b-focused-hf3-eightchip-chunk-fsdp8/gemma-cce-e4b-focused-hf3/focused_chunk_fsdp8_tp1/focused_chunk_fsdp8_tp1_results.csv,,,,,True,fsdp8/tp1,CCE,1
False,4,focused_chunk_fsdp8_tp1_cce_r16_b4_l512_tc128_vc32768,True,8,synthetic,False,0.3358633518218994,85.37046858699978,16,329.1472883623116,512,4,1.3700414150953293,0.6258596296659865,8,1,Gemma4 E4B,google/gemma-4-E4B,/tmp/gemma-cce-e4b-focused-hf3/focused_chunk_fsdp8_tp1/focused_chunk_fsdp8_tp1_cce_r16_b4_l512_tc128_vc32768,100.065990656,135.27465984,35.208669184,0.7607688969983428,False,ok,4.0,focused_chunk_fsdp8_tp1,False,128,v5litepod-8,818.0748137937065,cce,32768,134.23089280500062,/tmp/gemma-cce-e4b-focused-hf3/focused_chunk_fsdp8_tp1/focused_chunk_fsdp8_tp1_cce_r16_b4_l512_tc128_vc32768/xla/module_1046.jit__train_step.cl_914450892.after_optimizations-memory-usage-report.txt,14.53,data/gemma_4b_e4b_cce_transfer/raw/gemma-cce-e4b-focused-hf3-eightchip-chunk-fsdp8/gemma-cce-e4b-focused-hf3/focused_chunk_fsdp8_tp1/focused_chunk_fsdp8_tp1_results.csv,,,,,True,fsdp8/tp1,CCE,1
False,4,focused_chunk_fsdp8_tp1_cce_r16_b4_l512_tc128_vc65536,True,8,synthetic,False,0.3083039820194244,83.34465539800294,16,327.92653266451987,512,4,1.3597832694649696,0.6281894859991249,8,1,Gemma4 E4B,google/gemma-4-E4B,/tmp/gemma-cce-e4b-focused-hf3/focused_chunk_fsdp8_tp1/focused_chunk_fsdp8_tp1_cce_r16_b4_l512_tc128_vc65536,101.535389696,135.27465984,33.739270144,0.7615603759986698,False,ok,4.0,focused_chunk_fsdp8_tp1,False,128,v5litepod-8,815.0407025448261,cce,65536,127.61250151700006,/tmp/gemma-cce-e4b-focused-hf3/focused_chunk_fsdp8_tp1/focused_chunk_fsdp8_tp1_cce_r16_b4_l512_tc128_vc65536/xla/module_1046.jit__train_step.cl_914450892.after_optimizations-memory-usage-report.txt,14.53,data/gemma_4b_e4b_cce_transfer/raw/gemma-cce-e4b-focused-hf3-eightchip-chunk-fsdp8/gemma-cce-e4b-focused-hf3/focused_chunk_fsdp8_tp1/focused_chunk_fsdp8_tp1_results.csv,,,,,True,fsdp8/tp1,CCE,1
False,4,focused_chunk_fsdp8_tp1_cce_r16_b4_l512_tc256_vc8192,True,8,synthetic,False,0.2890419960021972,84.5465730520009,16,329.9756125600966,512,4,1.3513488471508026,0.6242885599992102,8,1,Gemma4 E4B,google/gemma-4-E4B,/tmp/gemma-cce-e4b-focused-hf3/focused_chunk_fsdp8_tp1/focused_chunk_fsdp8_tp1_cce_r16_b4_l512_tc256_vc8192,101.44148224,135.27465984,33.8331776,0.7567990979987371,False,ok,4.0,focused_chunk_fsdp8_tp1,False,256,v5litepod-8,820.1335613144148,cce,8192,134.32609252900147,/tmp/gemma-cce-e4b-focused-hf3/focused_chunk_fsdp8_tp1/focused_chunk_fsdp8_tp1_cce_r16_b4_l512_tc256_vc8192/xla/module_1046.jit__train_step.cl_914450892.after_optimizations-memory-usage-report.txt,14.54,data/gemma_4b_e4b_cce_transfer/raw/gemma-cce-e4b-focused-hf3-eightchip-chunk-fsdp8/gemma-cce-e4b-focused-hf3/focused_chunk_fsdp8_tp1/focused_chunk_fsdp8_tp1_results.csv,,,,,True,fsdp8/tp1,CCE,1
False,4,focused_chunk_fsdp8_tp1_cce_r16_b4_l512_tc256_vc16384,True,8,synthetic,False,0.3425217568874359,85.57794600999841,16,332.023999912976,512,4,1.3738635256886482,0.6204370770004365,8,1,Gemma4 E4B,google/gemma-4-E4B,/tmp/gemma-cce-e4b-focused-hf3/focused_chunk_fsdp8_tp1/focused_chunk_fsdp8_tp1_cce_r16_b4_l512_tc256_vc16384,100.710710784,135.27465984,34.563949056,0.7533542279998073,False,ok,4.0,focused_chunk_fsdp8_tp1,False,256,v5litepod-8,825.2246988128336,cce,16384,134.52601350700206,/tmp/gemma-cce-e4b-focused-hf3/focused_chunk_fsdp8_tp1/focused_chunk_fsdp8_tp1_cce_r16_b4_l512_tc256_vc16384/xla/module_1046.jit__train_step.cl_914450892.after_optimizations-memory-usage-report.txt,14.53,data/gemma_4b_e4b_cce_transfer/raw/gemma-cce-e4b-focused-hf3-eightchip-chunk-fsdp8/gemma-cce-e4b-focused-hf3/focused_chunk_fsdp8_tp1/focused_chunk_fsdp8_tp1_results.csv,,,,,True,fsdp8/tp1,CCE,1
False,4,focused_chunk_fsdp8_tp1_cce_r16_b4_l512_tc256_vc32768,True,8,synthetic,False,0.3991370797157287,85.7009515619975,16,330.3810631218507,512,4,1.3859712928533554,0.6235224200002752,8,1,Gemma4 E4B,google/gemma-4-E4B,/tmp/gemma-cce-e4b-focused-hf3/focused_chunk_fsdp8_tp1/focused_chunk_fsdp8_tp1_cce_r16_b4_l512_tc256_vc32768,100.624558592,135.27465984,34.650101248,0.7542440780016477,False,ok,4.0,focused_chunk_fsdp8_tp1,False,256,v5litepod-8,821.1412830989686,cce,32768,135.21235475900176,/tmp/gemma-cce-e4b-focused-hf3/focused_chunk_fsdp8_tp1/focused_chunk_fsdp8_tp1_cce_r16_b4_l512_tc256_vc32768/xla/module_1046.jit__train_step.cl_914450892.after_optimizations-memory-usage-report.txt,14.53,data/gemma_4b_e4b_cce_transfer/raw/gemma-cce-e4b-focused-hf3-eightchip-chunk-fsdp8/gemma-cce-e4b-focused-hf3/focused_chunk_fsdp8_tp1/focused_chunk_fsdp8_tp1_results.csv,,,,,True,fsdp8/tp1,CCE,1
False,4,focused_chunk_fsdp8_tp1_cce_r16_b4_l512_tc256_vc65536,True,8,synthetic,False,0.333874374628067,84.75739139899815,16,326.40514470217465,512,4,1.3581503257155418,0.6311175033345838,8,1,Gemma4 E4B,google/gemma-4-E4B,/tmp/gemma-cce-e4b-focused-hf3/focused_chunk_fsdp8_tp1/focused_chunk_fsdp8_tp1_cce_r16_b4_l512_tc256_vc65536,101.311340032,135.27465984,33.963319808,0.7664418390013452,False,ok,4.0,focused_chunk_fsdp8_tp1,False,256,v5litepod-8,811.2593887743369,cce,65536,130.03105873500317,/tmp/gemma-cce-e4b-focused-hf3/focused_chunk_fsdp8_tp1/focused_chunk_fsdp8_tp1_cce_r16_b4_l512_tc256_vc65536/xla/module_1046.jit__train_step.cl_914450892.after_optimizations-memory-usage-report.txt,14.53,data/gemma_4b_e4b_cce_transfer/raw/gemma-cce-e4b-focused-hf3-eightchip-chunk-fsdp8/gemma-cce-e4b-focused-hf3/focused_chunk_fsdp8_tp1/focused_chunk_fsdp8_tp1_results.csv,,,,,True,fsdp8/tp1,CCE,1
False,4,focused_chunk_fsdp8_tp1_cce_r16_b4_l512_tc512_vc8192,True,8,synthetic,False,0.3305957317352295,84.37005742999827,16,331.72061594691627,512,4,1.3701074570417404,0.6210045143319197,8,1,Gemma4 E4B,google/gemma-4-E4B,/tmp/gemma-cce-e4b-focused-hf3/focused_chunk_fsdp8_tp1/focused_chunk_fsdp8_tp1_cce_r16_b4_l512_tc512_vc8192,99.710855168,135.27465984,35.563804672,0.7538760799980082,False,ok,4.0,focused_chunk_fsdp8_tp1,False,512,v5litepod-8,824.4706571107822,cce,8192,129.1932725020015,/tmp/gemma-cce-e4b-focused-hf3/focused_chunk_fsdp8_tp1/focused_chunk_fsdp8_tp1_cce_r16_b4_l512_tc512_vc8192/xla/module_1046.jit__train_step.cl_914450892.after_optimizations-memory-usage-report.txt,14.53,data/gemma_4b_e4b_cce_transfer/raw/gemma-cce-e4b-focused-hf3-eightchip-chunk-fsdp8/gemma-cce-e4b-focused-hf3/focused_chunk_fsdp8_tp1/focused_chunk_fsdp8_tp1_results.csv,,,,,True,fsdp8/tp1,CCE,1
False,4,focused_chunk_fsdp8_tp1_cce_r16_b4_l512_tc512_vc16384,True,8,synthetic,False,0.3615111708641052,84.69516503400155,16,332.89406614666376,512,4,1.3662671893835068,0.6188154759996299,8,1,Gemma4 E4B,google/gemma-4-E4B,/tmp/gemma-cce-e4b-focused-hf3/focused_chunk_fsdp8_tp1/focused_chunk_fsdp8_tp1_cce_r16_b4_l512_tc512_vc16384,100.569836032,135.27465984,34.704823808,0.7511282970008324,False,ok,4.0,focused_chunk_fsdp8_tp1,False,512,v5litepod-8,827.387193529572,cce,16384,130.16981197199857,/tmp/gemma-cce-e4b-focused-hf3/focused_chunk_fsdp8_tp1/focused_chunk_fsdp8_tp1_cce_r16_b4_l512_tc512_vc16384/xla/module_1046.jit__train_step.cl_914450892.after_optimizations-memory-usage-report.txt,14.53,data/gemma_4b_e4b_cce_transfer/raw/gemma-cce-e4b-focused-hf3-eightchip-chunk-fsdp8/gemma-cce-e4b-focused-hf3/focused_chunk_fsdp8_tp1/focused_chunk_fsdp8_tp1_results.csv,,,,,True,fsdp8/tp1,CCE,1
False,4,focused_chunk_fsdp8_tp1_cce_r16_b4_l512_tc512_vc32768,True,8,synthetic,False,0.3646106719970703,84.62308981300157,16,328.4152887003094,512,4,1.35911026597023,0.6272545983326078,8,1,Gemma4 E4B,google/gemma-4-E4B,/tmp/gemma-cce-e4b-focused-hf3/focused_chunk_fsdp8_tp1/focused_chunk_fsdp8_tp1_cce_r16_b4_l512_tc512_vc32768,100.039642112,135.27465984,35.235017728,0.7592507349982043,False,ok,4.0,focused_chunk_fsdp8_tp1,False,512,v5litepod-8,816.2554748279534,cce,32768,130.18400240699702,/tmp/gemma-cce-e4b-focused-hf3/focused_chunk_fsdp8_tp1/focused_chunk_fsdp8_tp1_cce_r16_b4_l512_tc512_vc32768/xla/module_1046.jit__train_step.cl_914450892.after_optimizations-memory-usage-report.txt,14.53,data/gemma_4b_e4b_cce_transfer/raw/gemma-cce-e4b-focused-hf3-eightchip-chunk-fsdp8/gemma-cce-e4b-focused-hf3/focused_chunk_fsdp8_tp1/focused_chunk_fsdp8_tp1_results.csv,,,,,True,fsdp8/tp1,CCE,1
False,4,focused_chunk_fsdp8_tp1_cce_r16_b4_l512_tc512_vc65536,True,8,synthetic,False,0.3171928822994232,85.54655141599869,16,322.06500124105366,512,4,1.3621316775679588,0.6396224339999511,8,1,Gemma4 E4B,google/gemma-4-E4B,/tmp/gemma-cce-e4b-focused-hf3/focused_chunk_fsdp8_tp1/focused_chunk_fsdp8_tp1_cce_r16_b4_l512_tc512_vc65536,100.538592256,135.27465984,34.736067584,0.7766735040022468,False,ok,4.0,focused_chunk_fsdp8_tp1,False,512,v5litepod-8,800.4722360942693,cce,65536,135.24089522600116,/tmp/gemma-cce-e4b-focused-hf3/focused_chunk_fsdp8_tp1/focused_chunk_fsdp8_tp1_cce_r16_b4_l512_tc512_vc65536/xla/module_1046.jit__train_step.cl_914450892.after_optimizations-memory-usage-report.txt,14.53,data/gemma_4b_e4b_cce_transfer/raw/gemma-cce-e4b-focused-hf3-eightchip-chunk-fsdp8/gemma-cce-e4b-focused-hf3/focused_chunk_fsdp8_tp1/focused_chunk_fsdp8_tp1_results.csv,,,,,True,fsdp8/tp1,CCE,1
False,1,focused_frontier_fsdp8_tp1_cce_r16_b1_l256_tc128_vc8192,True,8,synthetic,False,1.6107879877090454,82.76307599400025,16,164.80702992104338,256,2,2.1067747473716736,0.3094528189994889,8,1,Gemma4 E4B,google/gemma-4-E4B,/tmp/gemma-cce-e4b-focused-hf3/focused_frontier_fsdp8_tp1/focused_frontier_fsdp8_tp1_cce_r16_b1_l256_tc128_vc8192,100.305416192,135.27465984,34.969243648,0.3094528189994889,False,ok,2.0,focused_frontier_fsdp8_tp1,False,128,v5litepod-8,410.4018196073041,cce,8192,125.2320979799988,/tmp/gemma-cce-e4b-focused-hf3/focused_frontier_fsdp8_tp1/focused_frontier_fsdp8_tp1_cce_r16_b1_l256_tc128_vc8192/xla/module_1046.jit__train_step.cl_914450892.after_optimizations-memory-usage-report.txt,4.73,data/gemma_4b_e4b_cce_transfer/raw/gemma-cce-e4b-focused-hf3-eightchip-chunk-fsdp8/gemma-cce-e4b-focused-hf3/focused_frontier_fsdp8_tp1/focused_frontier_fsdp8_tp1_results.csv,,,,,True,fsdp8/tp1,CCE,1
False,1,focused_frontier_fsdp8_tp1_default_r16_b1_l256_tc128_vc8192,False,8,synthetic,True,1.2756316661834717,82.07105931899969,16,81.88308055244454,256,2,1.6967109441757202,0.6228392930006521,8,1,Gemma4 E4B,google/gemma-4-E4B,/tmp/gemma-cce-e4b-focused-hf3/focused_frontier_fsdp8_tp1/focused_frontier_fsdp8_tp1_default_r16_b1_l256_tc128_vc8192,100.307009536,135.27465984,34.967650304,0.6228392930006521,False,ok,2.0,focused_frontier_fsdp8_tp1,False,128,v5litepod-8,203.90492608157757,default,8192,130.09883822900156,/tmp/gemma-cce-e4b-focused-hf3/focused_frontier_fsdp8_tp1/focused_frontier_fsdp8_tp1_default_r16_b1_l256_tc128_vc8192/xla/module_1046.jit__train_step.cl_914450892.after_optimizations-memory-usage-report.txt,5.24,data/gemma_4b_e4b_cce_transfer/raw/gemma-cce-e4b-focused-hf3-eightchip-chunk-fsdp8/gemma-cce-e4b-focused-hf3/focused_frontier_fsdp8_tp1/focused_frontier_fsdp8_tp1_results.csv,,,,,True,fsdp8/tp1,Default CE,1
False,1,focused_frontier_fsdp8_tp1_cce_r16_b1_l512_tc128_vc8192,True,8,synthetic,False,1.650931477546692,88.01943853699959,16,150.98464324281966,512,2,2.1470144391059875,0.3377826969990565,8,1,Gemma4 E4B,google/gemma-4-E4B,/tmp/gemma-cce-e4b-focused-hf3/focused_frontier_fsdp8_tp1/focused_frontier_fsdp8_tp1_cce_r16_b1_l512_tc128_vc8192,99.44088576,135.27465984,35.83377408,0.3377826969990565,False,ok,2.0,focused_frontier_fsdp8_tp1,False,128,v5litepod-8,375.9813665066294,cce,8192,135.2504772939992,/tmp/gemma-cce-e4b-focused-hf3/focused_frontier_fsdp8_tp1/focused_frontier_fsdp8_tp1_cce_r16_b1_l512_tc128_vc8192/xla/module_1046.jit__train_step.cl_914450892.after_optimizations-memory-usage-report.txt,6.0,data/gemma_4b_e4b_cce_transfer/raw/gemma-cce-e4b-focused-hf3-eightchip-chunk-fsdp8/gemma-cce-e4b-focused-hf3/focused_frontier_fsdp8_tp1/focused_frontier_fsdp8_tp1_results.csv,,,,,True,fsdp8/tp1,CCE,1
False,1,focused_frontier_fsdp8_tp1_default_r16_b1_l512_tc128_vc8192,False,8,synthetic,True,1.2365078926086426,86.88996507299998,16,157.03512801044047,512,2,1.685535192489624,0.3247680989989021,8,1,Gemma4 E4B,google/gemma-4-E4B,/tmp/gemma-cce-e4b-focused-hf3/focused_frontier_fsdp8_tp1/focused_frontier_fsdp8_tp1_default_r16_b1_l512_tc128_vc8192,99.441668096,135.27465984,35.832991744,0.3247680989989021,False,ok,2.0,focused_frontier_fsdp8_tp1,False,128,v5litepod-8,391.04825994756743,default,8192,129.23198104699986,/tmp/gemma-cce-e4b-focused-hf3/focused_frontier_fsdp8_tp1/focused_frontier_fsdp8_tp1_default_r16_b1_l512_tc128_vc8192/xla/module_1046.jit__train_step.cl_914450892.after_optimizations-memory-usage-report.txt,7.02,data/gemma_4b_e4b_cce_transfer/raw/gemma-cce-e4b-focused-hf3-eightchip-chunk-fsdp8/gemma-cce-e4b-focused-hf3/focused_frontier_fsdp8_tp1/focused_frontier_fsdp8_tp1_results.csv,,,,,True,fsdp8/tp1,Default CE,1
False,1,focused_frontier_fsdp8_tp1_cce_r16_b1_l1024_tc128_vc8192,True,8,synthetic,False,1.668046951293945,95.44846889200016,16,104.56593447337217,1024,2,2.1468489170074463,0.4877305429999978,8,1,Gemma4 E4B,google/gemma-4-E4B,/tmp/gemma-cce-e4b-focused-hf3/focused_frontier_fsdp8_tp1/focused_frontier_fsdp8_tp1_cce_r16_b1_l1024_tc128_vc8192,98.742022144,135.27465984,36.532637696,0.4877305429999978,False,ok,2.0,focused_frontier_fsdp8_tp1,False,128,v5litepod-8,260.3896799631032,cce,8192,142.53151023300052,/tmp/gemma-cce-e4b-focused-hf3/focused_frontier_fsdp8_tp1/focused_frontier_fsdp8_tp1_cce_r16_b1_l1024_tc128_vc8192/xla/module_1046.jit__train_step.cl_914450892.after_optimizations-memory-usage-report.txt,9.26,data/gemma_4b_e4b_cce_transfer/raw/gemma-cce-e4b-focused-hf3-eightchip-chunk-fsdp8/gemma-cce-e4b-focused-hf3/focused_frontier_fsdp8_tp1/focused_frontier_fsdp8_tp1_results.csv,,,,,True,fsdp8/tp1,CCE,1
False,1,focused_frontier_fsdp8_tp1_default_r16_b1_l1024_tc128_vc8192,False,8,synthetic,True,1.12779438495636,85.5353269749994,16,114.84297124192176,1024,2,1.638275921344757,0.4440846440011228,8,1,Gemma4 E4B,google/gemma-4-E4B,/tmp/gemma-cce-e4b-focused-hf3/focused_frontier_fsdp8_tp1/focused_frontier_fsdp8_tp1_default_r16_b1_l1024_tc128_vc8192,102.688854016,135.27465984,32.585805824,0.4440846440011228,False,ok,2.0,focused_frontier_fsdp8_tp1,False,128,v5litepod-8,285.98151662204043,default,8192,132.524725629999,/tmp/gemma-cce-e4b-focused-hf3/focused_frontier_fsdp8_tp1/focused_frontier_fsdp8_tp1_default_r16_b1_l1024_tc128_vc8192/xla/module_1046.jit__train_step.cl_914450892.after_optimizations-memory-usage-report.txt,12.17,data/gemma_4b_e4b_cce_transfer/raw/gemma-cce-e4b-focused-hf3-eightchip-chunk-fsdp8/gemma-cce-e4b-focused-hf3/focused_frontier_fsdp8_tp1/focused_frontier_fsdp8_tp1_results.csv,,,,,True,fsdp8/tp1,Default CE,1
,1,focused_frontier_fsdp8_tp1_cce_r16_b1_l2048_tc128_vc8192,,8,synthetic,,,,16,,2048,2,,,8,1,Gemma4 E4B,google/gemma-4-E4B,/tmp/gemma-cce-e4b-focused-hf3/focused_frontier_fsdp8_tp1/focused_frontier_fsdp8_tp1_cce_r16_b1_l2048_tc128_vc8192,,,,,,failed,,focused_frontier_fsdp8_tp1,,128,v5litepod-8,,cce,8192,,/tmp/gemma-cce-e4b-focused-hf3/focused_frontier_fsdp8_tp1/focused_frontier_fsdp8_tp1_cce_r16_b1_l2048_tc128_vc8192/xla/module_1046.jit__train_step.cl_914450892.after_optimizations-memory-usage-report.txt,17.65,data/gemma_4b_e4b_cce_transfer/raw/gemma-cce-e4b-focused-hf3-eightchip-chunk-fsdp8/gemma-cce-e4b-focused-hf3/focused_frontier_fsdp8_tp1/focused_frontier_fsdp8_tp1_results.csv,compile_oom,1.9,15.75,17.65,False,fsdp8/tp1,CCE,1
,1,focused_frontier_fsdp8_tp1_default_r16_b1_l2048_tc128_vc8192,,8,synthetic,,,,16,,2048,2,,,8,1,Gemma4 E4B,google/gemma-4-E4B,/tmp/gemma-cce-e4b-focused-hf3/focused_frontier_fsdp8_tp1/focused_frontier_fsdp8_tp1_default_r16_b1_l2048_tc128_vc8192,,,,,,failed,,focused_frontier_fsdp8_tp1,,128,v5litepod-8,,default,8192,,/tmp/gemma-cce-e4b-focused-hf3/focused_frontier_fsdp8_tp1/focused_frontier_fsdp8_tp1_default_r16_b1_l2048_tc128_vc8192/xla/module_1046.jit__train_step.cl_914450892.after_optimizations-memory-usage-report.txt,23.5,data/gemma_4b_e4b_cce_transfer/raw/gemma-cce-e4b-focused-hf3-eightchip-chunk-fsdp8/gemma-cce-e4b-focused-hf3/focused_frontier_fsdp8_tp1/focused_frontier_fsdp8_tp1_results.csv,compile_oom,4.06,15.75,19.81,False,fsdp8/tp1,Default CE,1
False,2,focused_frontier_fsdp8_tp1_cce_r16_b2_l256_tc128_vc8192,True,8,synthetic,False,1.460723042488098,85.30119871199895,16,301.5000674731998,256,2,2.0826205611228943,0.3383083820008323,8,1,Gemma4 E4B,google/gemma-4-E4B,/tmp/gemma-cce-e4b-focused-hf3/focused_frontier_fsdp8_tp1/focused_frontier_fsdp8_tp1_cce_r16_b2_l256_tc128_vc8192,99.623849984,135.27465984,35.650809856,0.3383083820008323,False,ok,2.0,focused_frontier_fsdp8_tp1,False,128,v5litepod-8,750.7942856685563,cce,8192,126.44709082599913,/tmp/gemma-cce-e4b-focused-hf3/focused_frontier_fsdp8_tp1/focused_frontier_fsdp8_tp1_cce_r16_b2_l256_tc128_vc8192/xla/module_1046.jit__train_step.cl_914450892.after_optimizations-memory-usage-report.txt,5.83,data/gemma_4b_e4b_cce_transfer/raw/gemma-cce-e4b-focused-hf3-eightchip-chunk-fsdp8/gemma-cce-e4b-focused-hf3/focused_frontier_fsdp8_tp1/focused_frontier_fsdp8_tp1_results.csv,,,,,True,fsdp8/tp1,CCE,1
False,2,focused_frontier_fsdp8_tp1_default_r16_b2_l256_tc128_vc8192,False,8,synthetic,True,1.0778521299362185,83.62805695799943,16,321.00925511298465,256,2,1.6071996092796326,0.3177478479992714,8,1,Gemma4 E4B,google/gemma-4-E4B,/tmp/gemma-cce-e4b-focused-hf3/focused_frontier_fsdp8_tp1/focused_frontier_fsdp8_tp1_default_r16_b2_l256_tc128_vc8192,99.631951872,135.27465984,35.642707968,0.3177478479992714,False,ok,2.0,focused_frontier_fsdp8_tp1,False,128,v5litepod-8,799.3759882225304,default,8192,130.05410456000027,/tmp/gemma-cce-e4b-focused-hf3/focused_frontier_fsdp8_tp1/focused_frontier_fsdp8_tp1_default_r16_b2_l256_tc128_vc8192/xla/module_1046.jit__train_step.cl_914450892.after_optimizations-memory-usage-report.txt,6.85,data/gemma_4b_e4b_cce_transfer/raw/gemma-cce-e4b-focused-hf3-eightchip-chunk-fsdp8/gemma-cce-e4b-focused-hf3/focused_frontier_fsdp8_tp1/focused_frontier_fsdp8_tp1_results.csv,,,,,True,fsdp8/tp1,Default CE,1
False,2,focused_frontier_fsdp8_tp1_cce_r16_b2_l512_tc128_vc8192,True,8,synthetic,False,1.4740281105041504,88.36009261599975,16,213.76062657485093,512,2,2.0674164295196533,0.4771692600006645,8,1,Gemma4 E4B,google/gemma-4-E4B,/tmp/gemma-cce-e4b-focused-hf3/focused_frontier_fsdp8_tp1/focused_frontier_fsdp8_tp1_cce_r16_b2_l512_tc128_vc8192,98.797129728,135.27465984,36.477530112,0.4771692600006645,False,ok,2.0,focused_frontier_fsdp8_tp1,False,128,v5litepod-8,532.3058740197268,cce,8192,135.49724426099965,/tmp/gemma-cce-e4b-focused-hf3/focused_frontier_fsdp8_tp1/focused_frontier_fsdp8_tp1_cce_r16_b2_l512_tc128_vc8192/xla/module_1046.jit__train_step.cl_914450892.after_optimizations-memory-usage-report.txt,8.85,data/gemma_4b_e4b_cce_transfer/raw/gemma-cce-e4b-focused-hf3-eightchip-chunk-fsdp8/gemma-cce-e4b-focused-hf3/focused_frontier_fsdp8_tp1/focused_frontier_fsdp8_tp1_results.csv,,,,,True,fsdp8/tp1,CCE,1
False,2,focused_frontier_fsdp8_tp1_default_r16_b2_l512_tc128_vc8192,False,8,synthetic,True,1.0409903526306152,78.03075869799977,16,229.4647258791513,512,2,1.5803664922714231,0.4445127660001162,8,1,Gemma4 E4B,google/gemma-4-E4B,/tmp/gemma-cce-e4b-focused-hf3/focused_frontier_fsdp8_tp1/focused_frontier_fsdp8_tp1_default_r16_b2_l512_tc128_vc8192,102.808244224,135.27465984,32.466415616,0.4445127660001162,False,ok,2.0,focused_frontier_fsdp8_tp1,False,128,v5litepod-8,571.4121605225924,default,8192,124.5439833269993,/tmp/gemma-cce-e4b-focused-hf3/focused_frontier_fsdp8_tp1/focused_frontier_fsdp8_tp1_default_r16_b2_l512_tc128_vc8192/xla/module_1046.jit__train_step.cl_914450892.after_optimizations-memory-usage-report.txt,11.81,data/gemma_4b_e4b_cce_transfer/raw/gemma-cce-e4b-focused-hf3-eightchip-chunk-fsdp8/gemma-cce-e4b-focused-hf3/focused_frontier_fsdp8_tp1/focused_frontier_fsdp8_tp1_results.csv,,,,,True,fsdp8/tp1,Default CE,1
,2,focused_frontier_fsdp8_tp1_cce_r16_b2_l1024_tc128_vc8192,,8,synthetic,,,,16,,1024,2,,,8,1,Gemma4 E4B,google/gemma-4-E4B,/tmp/gemma-cce-e4b-focused-hf3/focused_frontier_fsdp8_tp1/focused_frontier_fsdp8_tp1_cce_r16_b2_l1024_tc128_vc8192,,,,,,failed,,focused_frontier_fsdp8_tp1,,128,v5litepod-8,,cce,8192,,/tmp/gemma-cce-e4b-focused-hf3/focused_frontier_fsdp8_tp1/focused_frontier_fsdp8_tp1_cce_r16_b2_l1024_tc128_vc8192/xla/module_1046.jit__train_step.cl_914450892.after_optimizations-memory-usage-report.txt,16.3,data/gemma_4b_e4b_cce_transfer/raw/gemma-cce-e4b-focused-hf3-eightchip-chunk-fsdp8/gemma-cce-e4b-focused-hf3/focused_frontier_fsdp8_tp1/focused_frontier_fsdp8_tp1_results.csv,compile_oom,,,,False,fsdp8/tp1,CCE,1
,2,focused_frontier_fsdp8_tp1_default_r16_b2_l1024_tc128_vc8192,,8,synthetic,,,,16,,1024,2,,,8,1,Gemma4 E4B,google/gemma-4-E4B,/tmp/gemma-cce-e4b-focused-hf3/focused_frontier_fsdp8_tp1/focused_frontier_fsdp8_tp1_default_r16_b2_l1024_tc128_vc8192,,,,,,failed,,focused_frontier_fsdp8_tp1,,128,v5litepod-8,,default,8192,,/tmp/gemma-cce-e4b-focused-hf3/focused_frontier_fsdp8_tp1/focused_frontier_fsdp8_tp1_default_r16_b2_l1024_tc128_vc8192/xla/module_1046.jit__train_step.cl_914450892.after_optimizations-memory-usage-report.txt,22.18,data/gemma_4b_e4b_cce_transfer/raw/gemma-cce-e4b-focused-hf3-eightchip-chunk-fsdp8/gemma-cce-e4b-focused-hf3/focused_frontier_fsdp8_tp1/focused_frontier_fsdp8_tp1_results.csv,compile_oom,2.74,15.75,18.49,False,fsdp8/tp1,Default CE,1
,2,focused_frontier_fsdp8_tp1_cce_r16_b2_l2048_tc128_vc8192,,8,synthetic,,,,16,,2048,2,,,8,1,Gemma4 E4B,google/gemma-4-E4B,/tmp/gemma-cce-e4b-focused-hf3/focused_frontier_fsdp8_tp1/focused_frontier_fsdp8_tp1_cce_r16_b2_l2048_tc128_vc8192,,,,,,failed,,focused_frontier_fsdp8_tp1,,128,v5litepod-8,,cce,8192,,/tmp/gemma-cce-e4b-focused-hf3/focused_frontier_fsdp8_tp1/focused_frontier_fsdp8_tp1_cce_r16_b2_l2048_tc128_vc8192/xla/module_1046.jit__train_step.cl_914450892.after_optimizations-memory-usage-report.txt,35.41,data/gemma_4b_e4b_cce_transfer/raw/gemma-cce-e4b-focused-hf3-eightchip-chunk-fsdp8/gemma-cce-e4b-focused-hf3/focused_frontier_fsdp8_tp1/focused_frontier_fsdp8_tp1_results.csv,compile_oom,15.96,15.75,31.71,False,fsdp8/tp1,CCE,1
,2,focused_frontier_fsdp8_tp1_default_r16_b2_l2048_tc128_vc8192,,8,synthetic,,,,16,,2048,2,,,8,1,Gemma4 E4B,google/gemma-4-E4B,/tmp/gemma-cce-e4b-focused-hf3/focused_frontier_fsdp8_tp1/focused_frontier_fsdp8_tp1_default_r16_b2_l2048_tc128_vc8192,,,,,,failed,,focused_frontier_fsdp8_tp1,,128,v5litepod-8,,default,8192,,/tmp/gemma-cce-e4b-focused-hf3/focused_frontier_fsdp8_tp1/focused_frontier_fsdp8_tp1_default_r16_b2_l2048_tc128_vc8192/xla/module_1046.jit__train_step.cl_914450892.after_optimizations-memory-usage-report.txt,46.99,data/gemma_4b_e4b_cce_transfer/raw/gemma-cce-e4b-focused-hf3-eightchip-chunk-fsdp8/gemma-cce-e4b-focused-hf3/focused_frontier_fsdp8_tp1/focused_frontier_fsdp8_tp1_results.csv,compile_oom,27.54,15.75,43.29,False,fsdp8/tp1,Default CE,1
False,4,focused_frontier_fsdp8_tp1_cce_r16_b4_l256_tc128_vc8192,True,8,synthetic,False,1.5882450342178345,91.41673678799998,16,418.890617357104,256,2,2.1514920592308044,0.4870006430010107,8,1,Gemma4 E4B,google/gemma-4-E4B,/tmp/gemma-cce-e4b-focused-hf3/focused_frontier_fsdp8_tp1/focused_frontier_fsdp8_tp1_cce_r16_b4_l256_tc128_vc8192,98.942881792,135.27465984,36.331778048,0.4870006430010107,False,ok,2.0,focused_frontier_fsdp8_tp1,False,128,v5litepod-8,1043.1197726343569,cce,8192,139.23825580799894,/tmp/gemma-cce-e4b-focused-hf3/focused_frontier_fsdp8_tp1/focused_frontier_fsdp8_tp1_cce_r16_b4_l256_tc128_vc8192/xla/module_1046.jit__train_step.cl_914450892.after_optimizations-memory-usage-report.txt,8.31,data/gemma_4b_e4b_cce_transfer/raw/gemma-cce-e4b-focused-hf3-eightchip-chunk-fsdp8/gemma-cce-e4b-focused-hf3/focused_frontier_fsdp8_tp1/focused_frontier_fsdp8_tp1_results.csv,,,,,True,fsdp8/tp1,CCE,1
False,4,focused_frontier_fsdp8_tp1_default_r16_b4_l256_tc128_vc8192,False,8,synthetic,True,1.0234618186950684,80.60625732900007,16,462.5361520184988,256,2,1.5753730535507202,0.4410466059998725,8,1,Gemma4 E4B,google/gemma-4-E4B,/tmp/gemma-cce-e4b-focused-hf3/focused_frontier_fsdp8_tp1/focused_frontier_fsdp8_tp1_default_r16_b4_l256_tc128_vc8192,102.8232192,135.27465984,32.45144064,0.4410466059998725,False,ok,2.0,focused_frontier_fsdp8_tp1,False,128,v5litepod-8,1151.805711889203,default,8192,124.4553135189999,/tmp/gemma-cce-e4b-focused-hf3/focused_frontier_fsdp8_tp1/focused_frontier_fsdp8_tp1_default_r16_b4_l256_tc128_vc8192/xla/module_1046.jit__train_step.cl_914450892.after_optimizations-memory-usage-report.txt,11.27,data/gemma_4b_e4b_cce_transfer/raw/gemma-cce-e4b-focused-hf3-eightchip-chunk-fsdp8/gemma-cce-e4b-focused-hf3/focused_frontier_fsdp8_tp1/focused_frontier_fsdp8_tp1_results.csv,,,,,True,fsdp8/tp1,Default CE,1
False,4,focused_frontier_fsdp8_tp1_cce_r16_b4_l512_tc128_vc8192,True,8,synthetic,False,1.4515726566314695,83.89527366699986,16,265.1809834469163,512,2,2.0891177654266357,0.7692859320013667,8,1,Gemma4 E4B,google/gemma-4-E4B,/tmp/gemma-cce-e4b-focused-hf3/focused_frontier_fsdp8_tp1/focused_frontier_fsdp8_tp1_cce_r16_b4_l512_tc128_vc8192,102.732120064,135.27465984,32.542539776,0.7692859320013667,False,ok,2.0,focused_frontier_fsdp8_tp1,False,128,v5litepod-8,660.3526450540857,cce,8192,131.8150360389991,/tmp/gemma-cce-e4b-focused-hf3/focused_frontier_fsdp8_tp1/focused_frontier_fsdp8_tp1_cce_r16_b4_l512_tc128_vc8192/xla/module_1046.jit__train_step.cl_914450892.after_optimizations-memory-usage-report.txt,14.53,data/gemma_4b_e4b_cce_transfer/raw/gemma-cce-e4b-focused-hf3-eightchip-chunk-fsdp8/gemma-cce-e4b-focused-hf3/focused_frontier_fsdp8_tp1/focused_frontier_fsdp8_tp1_results.csv,,,,,True,fsdp8/tp1,CCE,1
,4,focused_frontier_fsdp8_tp1_default_r16_b4_l512_tc128_vc8192,,8,synthetic,,,,16,,512,2,,,8,1,Gemma4 E4B,google/gemma-4-E4B,/tmp/gemma-cce-e4b-focused-hf3/focused_frontier_fsdp8_tp1/focused_frontier_fsdp8_tp1_default_r16_b4_l512_tc128_vc8192,,,,,,failed,,focused_frontier_fsdp8_tp1,,128,v5litepod-8,,default,8192,,/tmp/gemma-cce-e4b-focused-hf3/focused_frontier_fsdp8_tp1/focused_frontier_fsdp8_tp1_default_r16_b4_l512_tc128_vc8192/xla/module_1046.jit__train_step.cl_914450892.after_optimizations-memory-usage-report.txt,20.3,data/gemma_4b_e4b_cce_transfer/raw/gemma-cce-e4b-focused-hf3-eightchip-chunk-fsdp8/gemma-cce-e4b-focused-hf3/focused_frontier_fsdp8_tp1/focused_frontier_fsdp8_tp1_results.csv,compile_oom,,,,False,fsdp8/tp1,Default CE,1
,4,focused_frontier_fsdp8_tp1_cce_r16_b4_l1024_tc128_vc8192,,8,synthetic,,,,16,,1024,2,,,8,1,Gemma4 E4B,google/gemma-4-E4B,/tmp/gemma-cce-e4b-focused-hf3/focused_frontier_fsdp8_tp1/focused_frontier_fsdp8_tp1_cce_r16_b4_l1024_tc128_vc8192,,,,,,failed,,focused_frontier_fsdp8_tp1,,128,v5litepod-8,,cce,8192,,/tmp/gemma-cce-e4b-focused-hf3/focused_frontier_fsdp8_tp1/focused_frontier_fsdp8_tp1_cce_r16_b4_l1024_tc128_vc8192/xla/module_1046.jit__train_step.cl_914450892.after_optimizations-memory-usage-report.txt,28.62,data/gemma_4b_e4b_cce_transfer/raw/gemma-cce-e4b-focused-hf3-eightchip-chunk-fsdp8/gemma-cce-e4b-focused-hf3/focused_frontier_fsdp8_tp1/focused_frontier_fsdp8_tp1_results.csv,compile_oom,9.18,15.75,24.93,False,fsdp8/tp1,CCE,1
,4,focused_frontier_fsdp8_tp1_default_r16_b4_l1024_tc128_vc8192,,8,synthetic,,,,16,,1024,2,,,8,1,Gemma4 E4B,google/gemma-4-E4B,/tmp/gemma-cce-e4b-focused-hf3/focused_frontier_fsdp8_tp1/focused_frontier_fsdp8_tp1_default_r16_b4_l1024_tc128_vc8192,,,,,,failed,,focused_frontier_fsdp8_tp1,,128,v5litepod-8,,default,8192,,/tmp/gemma-cce-e4b-focused-hf3/focused_frontier_fsdp8_tp1/focused_frontier_fsdp8_tp1_default_r16_b4_l1024_tc128_vc8192/xla/module_1046.jit__train_step.cl_914450892.after_optimizations-memory-usage-report.txt,40.46,data/gemma_4b_e4b_cce_transfer/raw/gemma-cce-e4b-focused-hf3-eightchip-chunk-fsdp8/gemma-cce-e4b-focused-hf3/focused_frontier_fsdp8_tp1/focused_frontier_fsdp8_tp1_results.csv,compile_oom,21.02,15.75,36.77,False,fsdp8/tp1,Default CE,1
,4,focused_frontier_fsdp8_tp1_cce_r16_b4_l2048_tc128_vc8192,,8,synthetic,,,,16,,2048,2,,,8,1,Gemma4 E4B,google/gemma-4-E4B,/tmp/gemma-cce-e4b-focused-hf3/focused_frontier_fsdp8_tp1/focused_frontier_fsdp8_tp1_cce_r16_b4_l2048_tc128_vc8192,,,,,,failed,,focused_frontier_fsdp8_tp1,,128,v5litepod-8,,cce,8192,,/tmp/gemma-cce-e4b-focused-hf3/focused_frontier_fsdp8_tp1/focused_frontier_fsdp8_tp1_cce_r16_b4_l2048_tc128_vc8192/xla/module_1046.jit__train_step.cl_914450892.after_optimizations-memory-usage-report.txt,67.62,data/gemma_4b_e4b_cce_transfer/raw/gemma-cce-e4b-focused-hf3-eightchip-chunk-fsdp8/gemma-cce-e4b-focused-hf3/focused_frontier_fsdp8_tp1/focused_frontier_fsdp8_tp1_results.csv,compile_oom,48.17,15.75,63.92,False,fsdp8/tp1,CCE,1
,4,focused_frontier_fsdp8_tp1_default_r16_b4_l2048_tc128_vc8192,,8,synthetic,,,,16,,2048,2,,,8,1,Gemma4 E4B,google/gemma-4-E4B,/tmp/gemma-cce-e4b-focused-hf3/focused_frontier_fsdp8_tp1/focused_frontier_fsdp8_tp1_default_r16_b4_l2048_tc128_vc8192,,,,,,failed,,focused_frontier_fsdp8_tp1,,128,v5litepod-8,,default,8192,,/tmp/gemma-cce-e4b-focused-hf3/focused_frontier_fsdp8_tp1/focused_frontier_fsdp8_tp1_default_r16_b4_l2048_tc128_vc8192/xla/module_1046.jit__train_step.cl_914450892.after_optimizations-memory-usage-report.txt,90.78,data/gemma_4b_e4b_cce_transfer/raw/gemma-cce-e4b-focused-hf3-eightchip-chunk-fsdp8/gemma-cce-e4b-focused-hf3/focused_frontier_fsdp8_tp1/focused_frontier_fsdp8_tp1_results.csv,compile_oom,71.34,15.75,87.09,False,fsdp8/tp1,Default CE,1
False,8,focused_frontier_fsdp8_tp1_cce_r16_b8_l256_tc128_vc8192,True,8,synthetic,False,1.3046770095825195,81.58618500000011,16,546.6534876345847,256,2,2.010382890701294,0.757335330999922,8,1,Gemma4 E4B,google/gemma-4-E4B,/tmp/gemma-cce-e4b-focused-hf3/focused_frontier_fsdp8_tp1/focused_frontier_fsdp8_tp1_cce_r16_b8_l256_tc128_vc8192,102.813073408,135.27465984,32.461586432,0.757335330999922,False,ok,2.0,focused_frontier_fsdp8_tp1,False,128,v5litepod-8,1357.3907857206598,cce,8192,125.88703691200136,/tmp/gemma-cce-e4b-focused-hf3/focused_frontier_fsdp8_tp1/focused_frontier_fsdp8_tp1_cce_r16_b8_l256_tc128_vc8192/xla/module_1046.jit__train_step.cl_914450892.after_optimizations-memory-usage-report.txt,13.6,data/gemma_4b_e4b_cce_transfer/raw/gemma-cce-e4b-focused-hf3-eightchip-chunk-fsdp8/gemma-cce-e4b-focused-hf3/focused_frontier_fsdp8_tp1/focused_frontier_fsdp8_tp1_results.csv,,,,,True,fsdp8/tp1,CCE,1
,8,focused_frontier_fsdp8_tp1_default_r16_b8_l256_tc128_vc8192,,8,synthetic,,,,16,,256,2,,,8,1,Gemma4 E4B,google/gemma-4-E4B,/tmp/gemma-cce-e4b-focused-hf3/focused_frontier_fsdp8_tp1/focused_frontier_fsdp8_tp1_default_r16_b8_l256_tc128_vc8192,,,,,,failed,,focused_frontier_fsdp8_tp1,,128,v5litepod-8,,default,8192,,/tmp/gemma-cce-e4b-focused-hf3/focused_frontier_fsdp8_tp1/focused_frontier_fsdp8_tp1_default_r16_b8_l256_tc128_vc8192/xla/module_1046.jit__train_step.cl_914450892.after_optimizations-memory-usage-report.txt,18.66,data/gemma_4b_e4b_cce_transfer/raw/gemma-cce-e4b-focused-hf3-eightchip-chunk-fsdp8/gemma-cce-e4b-focused-hf3/focused_frontier_fsdp8_tp1/focused_frontier_fsdp8_tp1_results.csv,compile_oom,2.92,15.75,18.67,False,fsdp8/tp1,Default CE,1
,8,focused_frontier_fsdp8_tp1_cce_r16_b8_l512_tc128_vc8192,,8,synthetic,,,,16,,512,2,,,8,1,Gemma4 E4B,google/gemma-4-E4B,/tmp/gemma-cce-e4b-focused-hf3/focused_frontier_fsdp8_tp1/focused_frontier_fsdp8_tp1_cce_r16_b8_l512_tc128_vc8192,,,,,,failed,,focused_frontier_fsdp8_tp1,,128,v5litepod-8,,cce,8192,,/tmp/gemma-cce-e4b-focused-hf3/focused_frontier_fsdp8_tp1/focused_frontier_fsdp8_tp1_cce_r16_b8_l512_tc128_vc8192/xla/module_1046.jit__train_step.cl_914450892.after_optimizations-memory-usage-report.txt,24.67,data/gemma_4b_e4b_cce_transfer/raw/gemma-cce-e4b-focused-hf3-eightchip-chunk-fsdp8/gemma-cce-e4b-focused-hf3/focused_frontier_fsdp8_tp1/focused_frontier_fsdp8_tp1_results.csv,compile_oom,5.23,15.75,20.98,False,fsdp8/tp1,CCE,1
,8,focused_frontier_fsdp8_tp1_default_r16_b8_l512_tc128_vc8192,,8,synthetic,,,,16,,512,2,,,8,1,Gemma4 E4B,google/gemma-4-E4B,/tmp/gemma-cce-e4b-focused-hf3/focused_frontier_fsdp8_tp1/focused_frontier_fsdp8_tp1_default_r16_b8_l512_tc128_vc8192,,,,,,failed,,focused_frontier_fsdp8_tp1,,128,v5litepod-8,,default,8192,,/tmp/gemma-cce-e4b-focused-hf3/focused_frontier_fsdp8_tp1/focused_frontier_fsdp8_tp1_default_r16_b8_l512_tc128_vc8192/xla/module_1046.jit__train_step.cl_914450892.after_optimizations-memory-usage-report.txt,36.51,data/gemma_4b_e4b_cce_transfer/raw/gemma-cce-e4b-focused-hf3-eightchip-chunk-fsdp8/gemma-cce-e4b-focused-hf3/focused_frontier_fsdp8_tp1/focused_frontier_fsdp8_tp1_results.csv,compile_oom,17.07,15.75,32.82,False,fsdp8/tp1,Default CE,1
,8,focused_frontier_fsdp8_tp1_cce_r16_b8_l1024_tc128_vc8192,,8,synthetic,,,,16,,1024,2,,,8,1,Gemma4 E4B,google/gemma-4-E4B,/tmp/gemma-cce-e4b-focused-hf3/focused_frontier_fsdp8_tp1/focused_frontier_fsdp8_tp1_cce_r16_b8_l1024_tc128_vc8192,,,,,,failed,,focused_frontier_fsdp8_tp1,,128,v5litepod-8,,cce,8192,,/tmp/gemma-cce-e4b-focused-hf3/focused_frontier_fsdp8_tp1/focused_frontier_fsdp8_tp1_cce_r16_b8_l1024_tc128_vc8192/xla/module_1046.jit__train_step.cl_914450892.after_optimizations-memory-usage-report.txt,53.06,data/gemma_4b_e4b_cce_transfer/raw/gemma-cce-e4b-focused-hf3-eightchip-chunk-fsdp8/gemma-cce-e4b-focused-hf3/focused_frontier_fsdp8_tp1/focused_frontier_fsdp8_tp1_results.csv,compile_oom,33.62,15.75,49.37,False,fsdp8/tp1,CCE,1
,8,focused_frontier_fsdp8_tp1_default_r16_b8_l1024_tc128_vc8192,,8,synthetic,,,,16,,1024,2,,,8,1,Gemma4 E4B,google/gemma-4-E4B,/tmp/gemma-cce-e4b-focused-hf3/focused_frontier_fsdp8_tp1/focused_frontier_fsdp8_tp1_default_r16_b8_l1024_tc128_vc8192,,,,,,failed,,focused_frontier_fsdp8_tp1,,128,v5litepod-8,,default,8192,,/tmp/gemma-cce-e4b-focused-hf3/focused_frontier_fsdp8_tp1/focused_frontier_fsdp8_tp1_default_r16_b8_l1024_tc128_vc8192/xla/module_1046.jit__train_step.cl_914450892.after_optimizations-memory-usage-report.txt,76.68,data/gemma_4b_e4b_cce_transfer/raw/gemma-cce-e4b-focused-hf3-eightchip-chunk-fsdp8/gemma-cce-e4b-focused-hf3/focused_frontier_fsdp8_tp1/focused_frontier_fsdp8_tp1_results.csv,compile_oom,57.23,15.75,72.98,False,fsdp8/tp1,Default CE,1
,8,focused_frontier_fsdp8_tp1_cce_r16_b8_l2048_tc128_vc8192,,8,synthetic,,,,16,,2048,2,,,8,1,Gemma4 E4B,google/gemma-4-E4B,/tmp/gemma-cce-e4b-focused-hf3/focused_frontier_fsdp8_tp1/focused_frontier_fsdp8_tp1_cce_r16_b8_l2048_tc128_vc8192,,,,,,failed,,focused_frontier_fsdp8_tp1,,128,v5litepod-8,,cce,8192,,/tmp/gemma-cce-e4b-focused-hf3/focused_frontier_fsdp8_tp1/focused_frontier_fsdp8_tp1_cce_r16_b8_l2048_tc128_vc8192/xla/module_1046.jit__train_step.cl_914450892.after_optimizations-memory-usage-report.txt,134.95,data/gemma_4b_e4b_cce_transfer/raw/gemma-cce-e4b-focused-hf3-eightchip-chunk-fsdp8/gemma-cce-e4b-focused-hf3/focused_frontier_fsdp8_tp1/focused_frontier_fsdp8_tp1_results.csv,compile_oom,115.51,15.75,131.26,False,fsdp8/tp1,CCE,1
,8,focused_frontier_fsdp8_tp1_default_r16_b8_l2048_tc128_vc8192,,8,synthetic,,,,16,,2048,2,,,8,1,Gemma4 E4B,google/gemma-4-E4B,/tmp/gemma-cce-e4b-focused-hf3/focused_frontier_fsdp8_tp1/focused_frontier_fsdp8_tp1_default_r16_b8_l2048_tc128_vc8192,,,,,,failed,,focused_frontier_fsdp8_tp1,,128,v5litepod-8,,default,8192,,/tmp/gemma-cce-e4b-focused-hf3/focused_frontier_fsdp8_tp1/focused_frontier_fsdp8_tp1_default_r16_b8_l2048_tc128_vc8192/xla/module_1046.jit__train_step.cl_914450892.after_optimizations-memory-usage-report.txt,181.46,data/gemma_4b_e4b_cce_transfer/raw/gemma-cce-e4b-focused-hf3-eightchip-chunk-fsdp8/gemma-cce-e4b-focused-hf3/focused_frontier_fsdp8_tp1/focused_frontier_fsdp8_tp1_results.csv,compile_oom,162.02,15.75,177.76,False,fsdp8/tp1,Default CE,1
False,1,focused_pilot_fsdp8_tp1_cce_r16_b1_l512_tc128_vc8192,True,8,synthetic,False,1.650931477546692,93.2557717929999,16,151.3296710623478,512,2,2.1470144391059875,0.3370125609999377,8,1,Gemma4 E4B,google/gemma-4-E4B,/tmp/gemma-cce-e4b-focused-hf3/focused_pilot_fsdp8_tp1/focused_pilot_fsdp8_tp1_cce_r16_b1_l512_tc128_vc8192,99.44088576,135.27465984,35.83377408,0.3370125609999377,False,ok,2.0,focused_pilot_fsdp8_tp1,False,128,v5litepod-8,376.8405534297681,cce,8192,136.85648678100006,/tmp/gemma-cce-e4b-focused-hf3/focused_pilot_fsdp8_tp1/focused_pilot_fsdp8_tp1_cce_r16_b1_l512_tc128_vc8192/xla/module_1046.jit__train_step.cl_914450892.after_optimizations-memory-usage-report.txt,6.0,data/gemma_4b_e4b_cce_transfer/raw/gemma-cce-e4b-focused-hf3-eightchip-chunk-fsdp8/gemma-cce-e4b-focused-hf3/focused_pilot_fsdp8_tp1/focused_pilot_fsdp8_tp1_results.csv,,,,,True,fsdp8/tp1,CCE,1
False,1,focused_pilot_fsdp8_tp1_default_r16_b1_l512_tc128_vc8192,False,8,synthetic,True,1.2365078926086426,87.06240518999994,16,164.92110077539323,512,2,1.685535192489624,0.3092387799997595,8,1,Gemma4 E4B,google/gemma-4-E4B,/tmp/gemma-cce-e4b-focused-hf3/focused_pilot_fsdp8_tp1/focused_pilot_fsdp8_tp1_default_r16_b1_l512_tc128_vc8192,99.441668096,135.27465984,35.832991744,0.3092387799997595,False,ok,2.0,focused_pilot_fsdp8_tp1,False,128,v5litepod-8,410.6858784014694,default,8192,273.33514683,/tmp/gemma-cce-e4b-focused-hf3/focused_pilot_fsdp8_tp1/focused_pilot_fsdp8_tp1_default_r16_b1_l512_tc128_vc8192/xla/module_1046.jit__train_step.cl_914450892.after_optimizations-memory-usage-report.txt,7.02,data/gemma_4b_e4b_cce_transfer/raw/gemma-cce-e4b-focused-hf3-eightchip-chunk-fsdp8/gemma-cce-e4b-focused-hf3/focused_pilot_fsdp8_tp1/focused_pilot_fsdp8_tp1_results.csv,,,,,True,fsdp8/tp1,Default CE,1
False,4,focused_pilot_fsdp8_tp1_cce_r16_b4_l512_tc128_vc8192,True,8,synthetic,False,1.4515726566314695,83.78371635700023,16,261.706768180764,512,2,2.0891177654266357,0.779498373000024,8,1,Gemma4 E4B,google/gemma-4-E4B,/tmp/gemma-cce-e4b-focused-hf3/focused_pilot_fsdp8_tp1/focused_pilot_fsdp8_tp1_cce_r16_b4_l512_tc128_vc8192,102.732120064,135.27465984,32.542539776,0.779498373000024,False,ok,2.0,focused_pilot_fsdp8_tp1,False,128,v5litepod-8,651.7011678226869,cce,8192,127.36486797899988,/tmp/gemma-cce-e4b-focused-hf3/focused_pilot_fsdp8_tp1/focused_pilot_fsdp8_tp1_cce_r16_b4_l512_tc128_vc8192/xla/module_1046.jit__train_step.cl_914450892.after_optimizations-memory-usage-report.txt,14.53,data/gemma_4b_e4b_cce_transfer/raw/gemma-cce-e4b-focused-hf3-eightchip-chunk-fsdp8/gemma-cce-e4b-focused-hf3/focused_pilot_fsdp8_tp1/focused_pilot_fsdp8_tp1_results.csv,,,,,True,fsdp8/tp1,CCE,1
,4,focused_pilot_fsdp8_tp1_default_r16_b4_l512_tc128_vc8192,,8,synthetic,,,,16,,512,2,,,8,1,Gemma4 E4B,google/gemma-4-E4B,/tmp/gemma-cce-e4b-focused-hf3/focused_pilot_fsdp8_tp1/focused_pilot_fsdp8_tp1_default_r16_b4_l512_tc128_vc8192,,,,,,failed,,focused_pilot_fsdp8_tp1,,128,v5litepod-8,,default,8192,,/tmp/gemma-cce-e4b-focused-hf3/focused_pilot_fsdp8_tp1/focused_pilot_fsdp8_tp1_default_r16_b4_l512_tc128_vc8192/xla/module_1046.jit__train_step.cl_914450892.after_optimizations-memory-usage-report.txt,20.3,data/gemma_4b_e4b_cce_transfer/raw/gemma-cce-e4b-focused-hf3-eightchip-chunk-fsdp8/gemma-cce-e4b-focused-hf3/focused_pilot_fsdp8_tp1/focused_pilot_fsdp8_tp1_results.csv,compile_oom,,,,False,fsdp8/tp1,Default CE,1
